engagement_id,customer_id,engagement_date,login_frequency,time_spent,pages_visited,purchase_clicks,feedback_score,email_open_rate,promo_redemptions
1,971,2021-02-06,38,0.17,879,34,2.7,27.0,145
2,151,2021-12-13,24,4.92,19,24,8.0,62.5,350
3,167,2021-11-23,17,11.2,102,15,3.3,14.0,315
4,675,2021-04-17,60,2.92,322,76,2.3,6.4,957
5,26,2021-06-05,46,13.27,973,32,7.2,30.1,977
6,476,2021-09-02,23,14.08,174,94,9.2,40.9,687
7,580,2021-03-12,26,3.25,660,84,10.0,11.0,713
8,425,2021-03-19,38,22.93,698,78,3.8,99.9,82
9,377,2021-07-04,79,20.92,476,2,2.8,73.1,514
10,195,2021-04-15,48,22.83,527,98,2.8,46.3,922
11,35,2021-12-24,36,23.17,593,33,6.8,99.5,878
12,585,2021-08-13,61,9.17,517,98,6.0,2.6,893
13,21,2021-08-20,50,3.58,145,47,3.0,7.7,158
14,691,2021-12-12,46,9.63,24,71,0.3,71.0,994
15,344,2021-03-19,2,6.8,961,51,5.1,46.7,233
16,937,2021-05-19,30,2.55,546,15,1.1,17.5,304
17,757,2021-07-19,56,16.95,629,39,8.4,14.9,608
18,416,2021-03-04,65,21.75,335,72,2.7,77.3,110
19,600,2021-07-04,15,11.87,373,49,0.6,81.9,287
20,27,2021-02-25,27,21.32,443,4,7.2,38.1,1000
21,697,2021-12-23,81,3.3,232,3,2.1,80.7,244
22,51,2021-07-15,100,23.57,243,82,0.6,6.3,715
23,616,2021-07-16,10,21.78,934,76,2.6,17.2,108
24,382,2021-07-24,83,11.67,65,99,5.4,23.5,110
25,301,2021-12-14,9,12.42,123,22,2.1,97.4,675
26,778,2021-11-13,69,2.9,375,81,5.4,0.0,620
27,528,2021-11-28,77,23.63,118,89,3.1,35.4,745
28,722,2021-08-17,5,18.28,415,54,0.9,34.5,844
29,832,2021-03-17,56,14.9,230,92,5.2,74.5,858
30,527,2021-07-29,96,3.2,848,3,5.1,33.7,392
31,506,2021-01-03,91,12.72,509,80,9.0,64.9,928
32,54,2021-04-09,78,20.28,33,31,0.5,29.6,63
33,933,2021-06-23,27,9.02,494,79,8.9,21.0,440
34,747,2021-11-29,86,7.98,317,50,9.1,60.6,961
35,313,2021-11-02,12,7.47,445,61,2.5,17.5,249
36,611,2021-10-08,43,2.55,979,70,0.5,23.8,210
37,186,2021-08-15,84,12.57,909,20,7.8,19.0,212
38,161,2021-02-28,61,15.28,808,7,1.1,10.4,868
39,750,2021-05-12,54,12.77,698,100,4.0,11.9,779
40,498,2021-02-19,96,2.93,811,40,7.5,25.2,85
41,14,2021-01-28,78,7.52,922,56,8.7,51.0,730
42,410,2021-12-05,22,5.5,125,80,4.4,18.0,988
43,309,2021-04-30,30,5.8,118,47,9.0,16.2,214
44,856,2021-01-20,76,9.9,511,33,1.9,12.5,499
45,177,2021-01-02,17,6.02,953,44,2.3,81.4,114
46,640,2021-04-14,51,20.2,298,33,3.6,16.6,170
47,990,2021-09-16,61,15.08,268,82,9.8,63.5,766
48,65,2021-02-02,38,10.0,794,67,1.6,4.1,636
49,521,2021-10-04,89,12.22,526,50,5.8,42.6,567
50,211,2021-10-14,20,8.9,982,11,0.3,15.9,593
51,505,2021-01-11,11,15.53,220,35,4.1,87.8,719
52,460,2021-08-26,71,21.58,574,2,0.6,13.5,70
53,36,2021-01-21,1,22.9,502,25,7.1,34.5,120
54,161,2021-03-12,5,6.28,737,42,0.7,79.2,467
55,101,2021-07-20,32,21.73,655,73,9.6,46.4,500
56,567,2021-10-12,24,7.88,819,71,3.9,68.5,774
57,424,2021-11-23,14,20.83,442,22,4.8,9.8,354
58,402,2021-07-12,32,16.8,767,22,2.8,42.2,981
59,83,2021-08-06,77,1.08,743,0,7.7,76.6,788
60,885,2021-03-26,69,10.22,810,31,0.6,99.0,290
61,952,2021-09-14,60,21.92,65,98,0.4,95.4,749
62,139,2021-09-19,72,6.68,404,75,4.8,2.5,57
63,483,2021-03-17,22,15.55,582,32,4.2,79.2,987
64,96,2021-12-23,95,9.87,993,0,6.5,67.9,302
65,237,2021-09-10,22,15.72,517,77,3.6,78.0,87
66,106,2021-01-03,19,20.18,529,100,5.6,3.5,842
67,192,2021-02-13,47,17.82,677,27,6.7,42.9,924
68,172,2021-06-13,4,6.22,120,100,2.2,85.7,338
69,118,2021-07-29,38,15.9,947,25,4.1,77.5,786
70,84,2021-01-03,40,9.75,949,31,8.9,49.7,498
71,666,2021-09-11,74,23.37,25,55,3.6,89.1,287
72,887,2021-04-02,65,6.02,606,68,5.0,90.7,641
73,988,2021-01-11,41,0.88,656,52,3.5,93.8,537
74,715,2021-06-19,60,4.6,704,9,9.6,0.7,437
75,754,2021-08-10,2,13.62,941,36,6.3,4.1,135
76,428,2021-06-23,99,9.42,479,64,7.9,52.8,481
77,952,2021-08-30,23,10.68,65,67,5.6,19.0,83
78,950,2021-07-03,67,22.7,524,91,4.5,13.3,56
79,265,2021-03-01,42,11.53,445,12,4.1,39.0,653
80,201,2021-08-10,21,3.97,585,43,1.0,6.4,103
81,239,2021-05-15,7,19.33,953,73,1.8,95.9,923
82,604,2021-02-07,14,11.68,679,85,7.8,46.6,748
83,909,2021-10-12,15,16.13,910,63,5.0,6.0,263
84,571,2021-06-02,88,1.8,815,96,5.8,37.6,730
85,842,2021-01-21,66,23.62,174,15,0.4,44.4,403
86,896,2021-06-04,95,4.03,989,85,8.9,73.8,361
87,212,2021-11-07,34,10.88,781,37,4.8,19.4,390
88,614,2021-03-08,50,9.37,182,52,0.4,45.4,835
89,720,2021-09-13,22,17.5,755,82,3.3,42.2,655
90,977,2021-11-30,55,6.98,966,22,3.9,71.8,915
91,949,2021-09-12,9,1.1,249,30,6.9,82.3,722
92,596,2021-08-05,5,4.77,833,75,1.2,88.4,335
93,337,2021-06-25,5,21.77,231,88,2.1,71.6,538
94,469,2021-03-13,60,20.42,799,90,1.6,22.0,938
95,289,2021-06-24,46,11.52,659,26,5.1,42.9,740
96,471,2021-04-01,45,15.97,761,36,3.8,33.9,328
97,515,2021-06-15,9,12.07,199,40,7.1,59.8,118
98,276,2021-06-16,72,2.02,287,24,1.8,70.1,674
99,423,2021-07-20,62,0.8,914,97,5.2,25.4,347
100,239,2021-02-28,88,3.18,322,92,2.7,61.3,196
101,847,2021-04-20,14,13.07,983,51,5.9,23.1,540
102,631,2021-06-14,44,21.82,886,48,2.4,95.8,405
103,492,2021-06-07,100,21.87,43,71,2.0,1.4,513
104,693,2021-06-20,87,2.2,379,42,5.0,2.4,885
105,305,2021-07-16,85,5.87,773,46,0.4,93.3,267
106,103,2021-09-22,13,10.57,821,67,4.4,11.0,306
107,321,2021-12-16,75,7.55,618,36,1.2,89.1,248
108,583,2021-05-31,74,13.07,325,27,5.5,39.2,82
109,915,2021-01-10,56,12.9,313,51,2.1,4.1,353
110,225,2021-10-10,48,17.52,227,44,2.8,49.2,321
111,977,2021-05-27,66,5.15,47,42,9.4,7.8,394
112,835,2021-01-22,0,3.98,366,41,0.6,84.1,635
113,182,2021-05-18,6,3.63,581,52,3.0,23.0,405
114,984,2021-09-04,23,14.05,513,5,2.8,25.3,381
115,932,2021-05-26,56,11.83,453,2,9.3,41.8,944
116,732,2021-06-18,84,13.67,549,32,6.1,23.9,889
117,817,2021-11-02,69,1.48,929,56,4.8,15.2,374
118,578,2021-07-04,40,19.0,729,89,1.0,79.3,572
119,508,2021-10-23,56,18.53,826,26,7.8,3.9,209
120,836,2021-10-10,43,4.53,483,3,4.1,59.2,656
121,482,2021-11-22,88,5.77,698,87,2.7,66.5,649
122,269,2021-07-05,100,16.12,4,74,9.5,28.5,406
123,300,2021-04-26,62,5.73,444,16,7.9,83.7,398
124,19,2021-12-16,1,2.23,588,26,2.4,33.2,505
125,934,2021-09-25,15,7.73,128,4,1.4,57.5,398
126,18,2021-08-11,99,1.63,158,13,8.8,45.2,487
127,422,2021-05-17,33,4.13,920,44,5.8,76.5,583
128,59,2021-03-30,48,19.25,259,57,6.0,32.6,483
129,405,2021-06-23,4,17.3,652,65,10.0,40.6,361
130,917,2021-08-05,70,19.25,759,55,0.6,55.6,251
131,848,2021-03-12,62,4.48,535,13,7.6,42.1,858
132,481,2021-09-07,7,23.82,867,95,8.4,62.0,573
133,170,2021-06-13,4,7.85,938,65,0.7,84.7,873
134,164,2021-01-20,31,12.88,13,98,3.5,14.0,333
135,677,2021-10-08,63,22.32,208,93,2.8,45.0,235
136,897,2021-05-31,94,10.48,660,72,6.5,15.2,903
137,54,2021-03-18,8,20.38,723,52,1.0,41.1,762
138,181,2021-07-11,34,6.37,799,86,8.6,13.1,44
139,591,2021-07-10,73,4.22,861,97,8.9,22.8,587
140,924,2021-07-23,4,21.75,321,84,3.8,94.8,883
141,97,2021-10-10,20,3.48,507,34,9.8,13.8,819
142,663,2021-10-09,63,5.72,881,96,4.1,84.7,565
143,54,2021-11-05,23,22.17,327,3,0.6,57.9,598
144,493,2021-06-26,11,14.17,898,19,2.6,23.3,957
145,992,2021-10-25,18,5.42,644,23,9.8,47.3,898
146,839,2021-10-23,46,23.95,968,58,9.5,68.1,242
147,791,2021-03-06,98,19.6,858,42,1.2,89.5,128
148,543,2021-08-23,3,19.48,569,6,7.1,22.1,734
149,391,2021-02-23,31,5.23,460,10,6.9,34.0,958
150,271,2021-01-11,6,15.98,464,8,9.7,97.6,221
151,535,2021-09-17,31,11.22,165,21,7.9,59.7,400
152,779,2021-10-10,36,22.65,191,6,5.7,42.4,663
153,659,2021-08-19,35,3.95,567,56,7.8,2.2,995
154,844,2021-06-02,89,0.37,753,2,7.2,78.6,204
155,665,2021-05-07,44,11.88,450,36,2.2,25.0,517
156,589,2021-04-03,43,8.55,526,7,4.7,7.4,153
157,991,2021-06-08,60,19.88,746,100,6.3,43.1,260
158,398,2021-10-16,84,21.78,655,66,7.2,56.7,56
159,156,2021-01-17,44,19.65,300,73,6.7,84.3,744
160,904,2021-05-04,29,7.93,295,71,2.3,42.7,890
161,29,2021-10-28,22,2.53,212,58,6.3,41.0,54
162,999,2021-01-31,94,16.03,363,78,7.8,76.0,713
163,810,2021-02-25,17,8.72,423,65,9.9,69.4,57
164,593,2021-08-05,95,3.7,508,12,9.9,76.4,675
165,357,2021-07-30,78,19.3,410,29,1.1,60.0,289
166,840,2021-05-05,28,23.83,802,67,6.2,64.8,559
167,498,2021-11-11,2,10.57,319,71,8.8,64.5,239
168,460,2021-12-05,96,21.9,517,63,7.8,72.7,119
169,646,2021-09-16,89,10.0,589,80,7.1,15.9,211
170,783,2021-07-17,29,20.02,85,30,4.6,36.3,666
171,24,2021-04-28,16,19.25,317,58,8.3,2.1,554
172,75,2021-11-06,27,14.08,367,97,7.4,76.8,660
173,492,2021-03-09,98,18.23,430,54,5.3,72.7,158
174,854,2021-10-05,59,20.4,950,98,6.0,6.0,49
175,342,2021-10-24,13,15.63,395,68,0.4,6.4,745
176,9,2021-03-01,64,9.43,370,70,8.0,33.8,328
177,890,2021-03-29,60,20.48,732,91,7.7,28.0,645
178,526,2021-02-21,2,11.78,695,84,8.0,0.0,632
179,896,2021-08-23,32,13.85,791,6,8.5,90.1,440
180,187,2021-05-21,50,3.38,773,100,0.9,5.6,256
181,391,2021-08-14,68,20.02,223,10,4.7,82.1,591
182,490,2021-07-06,14,8.37,55,98,6.5,82.3,437
183,245,2021-09-06,7,4.97,447,32,2.3,4.9,200
184,227,2021-06-08,90,4.67,740,70,2.3,26.1,309
185,347,2021-03-30,10,18.52,828,94,9.1,56.8,21
186,168,2021-10-31,86,2.35,339,29,8.5,40.0,171
187,867,2021-01-10,47,20.27,938,83,5.5,80.2,247
188,983,2021-01-12,95,5.08,136,48,6.1,5.5,985
189,323,2021-06-01,43,17.02,313,56,8.3,27.0,689
190,49,2021-08-05,71,10.33,676,98,2.4,82.8,17
191,337,2021-06-14,38,3.57,876,88,6.9,95.9,199
192,303,2021-08-05,59,20.83,580,92,5.1,98.8,116
193,139,2021-07-07,76,21.8,812,81,2.9,33.5,8
194,59,2021-01-28,91,6.2,381,80,1.5,70.1,138
195,340,2021-12-27,88,18.98,735,15,3.4,61.4,415
196,725,2021-07-06,45,13.97,358,28,6.7,5.7,918
197,222,2021-03-31,23,18.68,627,19,8.2,83.3,778
198,899,2021-06-17,11,22.32,500,35,3.3,47.9,43
199,856,2021-09-08,52,21.25,190,61,9.8,30.6,990
200,739,2021-09-16,73,0.18,593,97,2.1,74.4,779
201,191,2021-04-15,100,22.25,539,56,5.7,55.3,37
202,956,2021-04-26,21,21.02,58,86,2.6,1.2,115
203,438,2021-05-25,28,19.88,268,82,9.0,72.3,754
204,12,2021-02-18,54,7.02,98,52,7.9,51.8,755
205,442,2021-06-19,28,16.48,714,75,1.2,23.4,2
206,482,2021-01-06,71,5.12,222,82,2.8,98.8,53
207,474,2021-03-05,52,2.77,653,70,6.6,9.3,139
208,69,2021-01-26,43,23.42,783,0,4.6,73.8,190
209,399,2021-11-10,96,16.07,46,77,9.3,32.1,324
210,926,2021-04-30,32,6.8,977,53,0.4,16.8,482
211,962,2021-04-25,18,17.33,288,14,3.8,30.8,351
212,336,2021-02-16,65,5.8,851,85,7.2,15.2,234
213,978,2021-03-30,23,12.02,553,65,8.2,71.0,818
214,26,2021-12-02,16,20.42,129,89,4.0,33.6,488
215,426,2021-07-13,65,12.58,155,35,8.5,46.8,658
216,387,2021-09-15,66,14.85,276,86,5.5,75.9,928
217,558,2021-09-12,26,5.98,204,41,6.7,69.7,246
218,710,2021-02-15,93,17.17,195,85,5.4,22.6,480
219,59,2021-09-17,80,10.23,422,67,2.1,83.1,206
220,396,2021-08-28,13,3.28,310,70,9.9,41.8,438
221,762,2021-03-14,48,4.22,931,1,7.4,71.3,613
222,157,2021-02-20,2,21.97,997,66,2.6,51.0,472
223,654,2021-09-13,88,14.32,995,90,7.4,30.6,805
224,958,2021-01-01,43,14.8,337,89,2.0,53.0,77
225,620,2021-06-26,4,1.68,718,72,5.9,50.4,561
226,481,2021-10-13,41,11.22,877,84,7.4,24.8,600
227,37,2021-02-13,20,10.97,157,11,3.4,90.5,787
228,484,2021-08-29,72,21.98,826,78,9.6,19.3,913
229,867,2021-09-11,40,1.58,845,28,2.1,38.9,378
230,287,2021-02-20,68,10.72,879,59,4.7,46.0,584
231,503,2021-07-06,34,7.85,380,47,6.0,45.1,845
232,482,2021-01-04,21,1.17,987,75,9.0,7.2,631
233,369,2021-08-02,9,4.13,148,0,8.1,85.1,959
234,533,2021-04-21,78,7.05,656,28,5.7,20.1,303
235,246,2021-03-14,0,2.62,529,79,8.1,45.9,688
236,367,2021-02-18,44,16.02,482,45,2.9,82.8,742
237,899,2021-02-03,89,2.8,89,17,1.3,10.2,797
238,498,2021-10-12,80,9.57,25,54,0.1,67.4,334
239,384,2021-05-27,89,18.32,439,36,8.3,59.6,667
240,623,2021-02-01,11,4.07,364,75,7.2,19.5,132
241,708,2021-07-24,67,1.73,355,55,5.0,15.0,322
242,198,2021-07-03,9,8.82,60,70,3.3,14.4,648
243,134,2021-10-30,14,7.8,22,35,8.5,3.6,553
244,446,2021-01-08,21,0.25,315,43,4.8,22.4,260
245,772,2021-05-30,77,3.88,321,42,9.5,11.4,179
246,634,2021-06-28,58,14.88,687,2,1.6,24.8,170
247,990,2021-03-25,23,15.7,398,46,5.7,98.6,613
248,74,2021-07-10,77,13.43,478,33,9.7,17.8,552
249,926,2021-05-05,92,6.45,281,5,4.0,48.9,480
250,828,2021-02-06,44,2.08,639,47,8.8,92.0,565
251,821,2021-05-03,47,0.53,611,77,4.6,75.1,527
252,888,2021-02-14,44,10.98,901,13,7.6,57.1,188
253,645,2021-11-16,18,23.47,246,1,8.5,27.1,925
254,257,2021-11-27,53,7.47,447,11,4.1,43.2,46
255,658,2021-07-09,67,1.47,68,88,6.1,4.5,513
256,522,2021-04-02,97,0.97,155,83,5.2,74.3,971
257,824,2021-02-25,62,3.82,657,7,1.1,12.9,456
258,408,2021-12-03,67,9.02,584,79,9.8,74.2,87
259,563,2021-06-07,68,11.88,297,77,4.7,21.2,615
260,87,2021-10-26,56,12.23,892,86,1.5,34.3,370
261,733,2021-02-07,66,6.15,830,96,3.4,68.3,443
262,522,2021-08-09,91,3.7,732,88,3.3,14.0,391
263,24,2021-05-28,60,8.48,816,19,5.2,38.6,635
264,635,2021-07-11,99,21.52,511,34,6.6,93.5,603
265,121,2021-08-26,100,9.65,714,82,1.1,71.5,68
266,621,2021-01-14,31,23.65,986,15,2.5,9.4,385
267,252,2021-01-09,74,23.4,742,84,0.1,73.4,764
268,928,2021-06-02,71,3.45,678,72,8.9,82.2,982
269,924,2021-07-30,1,9.32,903,81,4.5,18.3,175
270,525,2021-09-10,67,20.27,740,23,6.0,78.0,357
271,508,2021-11-06,95,12.0,452,1,6.2,57.1,732
272,947,2021-08-29,37,17.83,92,4,5.8,15.6,305
273,364,2021-03-23,69,5.13,321,2,8.5,92.5,51
274,705,2021-08-13,54,1.2,658,76,1.5,27.4,223
275,414,2021-01-09,96,1.42,259,24,9.4,95.6,442
276,404,2021-10-11,3,17.78,739,40,1.4,50.1,166
277,588,2021-07-01,69,0.43,558,16,3.2,41.0,37
278,776,2021-11-06,31,16.18,926,32,7.9,79.1,317
279,218,2021-03-09,100,21.25,227,78,9.3,3.0,819
280,56,2021-10-07,66,18.95,760,52,2.1,90.2,556
281,613,2021-08-08,37,8.83,348,46,3.8,7.8,327
282,381,2021-12-15,97,12.43,357,22,4.1,51.5,555
283,452,2021-01-25,94,23.17,289,85,3.1,78.9,134
284,556,2021-05-06,93,3.77,981,16,4.8,62.6,979
285,330,2021-07-17,33,18.63,796,9,3.7,21.4,912
286,227,2021-11-30,60,10.72,649,75,3.4,29.1,739
287,993,2021-06-19,98,5.77,60,54,7.0,58.6,154
288,214,2021-06-22,55,5.48,141,92,2.6,76.4,619
289,220,2021-02-09,87,16.03,202,12,0.3,0.5,328
290,679,2021-07-31,36,7.95,452,82,9.7,93.6,597
291,456,2021-02-22,89,14.5,203,74,2.4,36.2,755
292,445,2021-07-23,63,3.33,122,92,8.9,24.6,481
293,194,2021-06-29,10,21.15,739,47,9.3,18.5,721
294,500,2021-06-13,65,22.05,645,92,0.6,43.1,378
295,607,2021-11-02,4,13.22,274,69,9.3,93.9,220
296,975,2021-01-12,45,21.15,189,80,9.1,20.3,373
297,565,2021-01-11,89,17.13,96,58,6.8,69.5,281
298,648,2021-08-01,33,18.53,352,1,4.7,71.8,671
299,463,2021-10-15,63,12.4,396,48,2.9,12.7,320
300,762,2021-10-19,71,3.47,146,50,7.2,67.5,589
301,930,2021-06-01,58,3.47,521,85,1.4,70.5,242
302,367,2021-12-18,38,21.63,924,17,8.5,33.3,719
303,38,2021-10-08,92,4.5,827,76,1.8,75.0,114
304,979,2021-06-19,49,1.17,909,30,6.4,69.8,774
305,964,2021-12-12,8,13.58,133,50,6.0,41.1,91
306,406,2021-08-30,31,16.7,678,79,5.1,87.3,807
307,683,2021-09-11,55,10.8,465,0,8.7,0.7,148
308,702,2021-08-11,60,2.67,14,51,9.8,19.3,383
309,592,2021-05-13,67,19.47,980,93,8.0,12.1,974
310,534,2021-07-08,93,6.53,851,14,3.9,91.6,344
311,399,2021-07-20,51,3.82,746,17,4.0,39.6,540
312,836,2021-04-21,41,8.88,730,59,9.7,72.7,328
313,406,2021-06-18,35,2.2,302,87,5.1,15.7,551
314,875,2021-09-24,14,7.67,585,40,9.2,23.6,191
315,705,2021-02-12,6,8.72,27,14,9.5,52.7,703
316,584,2021-05-07,73,21.43,908,89,8.9,91.3,978
317,680,2021-05-13,13,19.32,817,55,1.4,58.8,890
318,768,2021-10-04,3,19.85,565,17,1.1,28.1,737
319,40,2021-01-16,83,13.73,713,23,8.7,6.4,899
320,935,2021-05-25,81,5.0,668,63,0.6,75.0,899
321,599,2021-11-11,27,7.77,97,49,5.5,47.1,575
322,232,2021-08-06,80,6.02,325,60,9.3,85.0,795
323,817,2021-08-10,22,15.7,558,5,5.2,90.3,334
324,868,2021-09-10,96,18.78,675,45,10.0,41.0,762
325,642,2021-10-27,29,19.12,209,18,1.3,56.4,368
326,380,2021-11-22,17,22.7,914,41,8.6,46.5,74
327,874,2021-01-04,83,19.0,535,66,4.3,44.9,317
328,902,2021-02-07,4,7.12,845,71,1.6,69.5,805
329,420,2021-10-10,87,14.93,265,17,4.9,21.1,607
330,584,2021-07-23,91,10.45,69,88,3.4,20.4,947
331,159,2021-05-22,72,16.95,223,34,1.4,6.2,571
332,136,2021-09-13,27,12.87,104,14,7.2,56.9,866
333,146,2021-05-31,60,19.83,482,21,1.2,73.6,349
334,558,2021-06-08,13,14.62,740,63,4.1,87.9,543
335,840,2021-08-24,5,13.35,416,44,1.6,3.7,137
336,577,2021-04-12,39,23.23,52,82,8.5,93.1,484
337,140,2021-07-24,82,3.65,932,38,4.9,1.7,66
338,625,2021-03-23,51,6.33,570,9,0.8,83.4,804
339,722,2021-12-18,51,21.0,121,57,7.2,24.3,428
340,498,2021-01-21,96,23.82,545,24,6.9,66.6,508
341,357,2021-10-02,71,16.43,224,9,8.2,13.8,335
342,968,2021-08-26,96,23.57,838,69,9.9,48.2,652
343,910,2021-06-25,31,9.68,440,79,8.3,72.5,45
344,728,2021-07-27,44,4.0,470,74,6.9,50.5,852
345,785,2021-11-01,54,21.92,942,7,6.0,99.0,847
346,67,2021-01-28,89,9.25,734,3,9.0,31.0,864
347,800,2021-04-23,10,4.98,604,90,1.4,9.1,236
348,62,2021-10-08,13,7.27,664,34,8.7,63.5,923
349,277,2021-04-05,67,23.48,975,94,4.8,68.5,103
350,774,2021-08-16,78,11.23,127,27,4.8,18.7,410
351,36,2021-06-06,4,9.32,195,8,7.6,64.9,496
352,249,2021-11-19,66,2.95,840,21,1.2,70.4,705
353,336,2021-04-08,65,18.02,644,99,4.3,55.7,694
354,457,2021-09-27,37,9.5,649,57,3.6,50.3,151
355,265,2021-04-15,21,4.13,992,81,7.3,21.9,150
356,918,2021-01-28,70,8.27,555,51,7.6,8.3,640
357,130,2021-11-03,16,5.67,189,7,2.5,0.8,300
358,948,2021-08-23,56,20.47,185,74,7.2,32.1,194
359,914,2021-05-18,20,13.43,167,50,3.1,83.0,967
360,662,2021-04-11,5,6.8,623,40,6.3,2.1,715
361,691,2021-05-01,15,7.87,524,50,3.5,95.6,886
362,131,2021-12-12,67,17.4,964,47,8.4,86.4,679
363,982,2021-09-27,28,4.03,619,68,1.9,83.3,32
364,330,2021-04-08,72,3.33,273,89,7.7,12.1,534
365,216,2021-11-10,61,13.28,250,3,0.2,88.4,214
366,733,2021-08-03,2,11.62,900,90,6.6,76.0,465
367,467,2021-07-18,74,19.68,296,9,4.7,99.5,341
368,577,2021-01-21,41,19.13,726,26,2.3,10.0,963
369,411,2021-03-14,78,12.55,349,81,4.8,23.2,953
370,764,2021-01-19,88,23.85,765,15,3.9,88.8,128
371,972,2021-09-01,97,12.27,504,5,8.7,23.2,873
372,542,2021-02-13,2,20.3,564,80,0.2,10.6,149
373,910,2021-01-01,27,14.75,960,14,2.8,88.4,641
374,707,2021-08-28,78,1.55,36,10,3.6,98.2,800
375,253,2021-02-12,11,15.37,816,26,8.8,17.6,119
376,273,2021-05-06,33,23.92,486,37,2.8,17.5,81
377,74,2021-09-10,99,4.37,398,68,8.1,59.5,483
378,146,2021-06-05,72,13.38,843,48,7.7,65.6,550
379,675,2021-08-29,22,4.85,317,76,9.6,49.9,151
380,869,2021-01-18,77,10.75,513,14,0.1,9.6,794
381,649,2021-10-10,27,6.83,682,85,0.6,9.6,199
382,463,2021-04-03,17,4.67,568,67,7.4,70.9,449
383,528,2021-06-22,63,23.33,682,27,4.3,9.1,703
384,659,2021-03-15,3,22.28,472,91,8.4,55.5,393
385,390,2021-09-05,76,11.58,865,24,4.4,41.2,63
386,668,2021-08-18,71,18.0,729,22,1.4,91.3,127
387,709,2021-11-26,5,1.73,909,27,4.1,49.3,622
388,67,2021-04-06,65,9.1,395,22,9.0,43.0,581
389,563,2021-11-28,43,12.1,8,20,1.0,92.6,903
390,901,2021-01-14,57,10.38,763,19,2.9,39.8,593
391,762,2021-09-06,39,22.73,139,79,2.8,2.5,290
392,901,2021-04-22,84,20.65,329,31,5.5,85.6,966
393,104,2021-01-16,80,13.9,777,32,4.0,84.0,136
394,149,2021-01-17,12,12.62,739,33,2.4,64.4,329
395,776,2021-02-12,15,12.77,241,42,8.2,68.7,312
396,566,2021-04-25,48,19.67,271,42,8.6,51.7,602
397,682,2021-05-01,94,11.67,942,4,9.9,78.7,510
398,952,2021-12-27,18,18.25,292,2,1.1,10.9,473
399,996,2021-03-01,82,18.63,746,22,9.8,47.5,330
400,153,2021-01-25,99,9.22,869,30,3.1,9.7,406
401,222,2021-10-09,3,5.28,481,76,5.3,57.5,589
402,717,2021-09-23,62,10.6,993,2,0.0,83.8,900
403,278,2021-10-16,37,11.28,373,91,7.3,80.2,906
404,338,2021-08-04,48,14.15,502,65,7.3,93.9,924
405,899,2021-10-23,20,8.05,347,8,0.3,2.5,43
406,239,2021-07-27,8,22.9,943,63,4.8,9.9,367
407,232,2021-04-22,20,13.65,69,18,6.8,55.3,571
408,618,2021-09-20,90,14.45,76,15,7.6,46.3,617
409,961,2021-06-27,98,4.78,284,28,9.5,35.1,445
410,268,2021-09-20,9,4.05,274,29,6.9,75.1,418
411,906,2021-01-26,91,9.4,817,99,3.3,54.5,652
412,248,2021-09-23,78,20.88,848,11,9.9,72.9,29
413,119,2021-04-20,8,22.45,209,40,5.7,24.5,816
414,222,2021-04-21,17,20.02,887,82,7.9,35.7,672
415,968,2021-07-13,50,9.47,324,58,6.6,81.0,500
416,212,2021-04-24,59,15.68,519,41,8.5,82.2,150
417,89,2021-02-07,56,12.72,625,46,6.4,25.3,153
418,869,2021-09-26,3,8.42,386,80,0.5,32.7,913
419,393,2021-05-12,32,9.38,737,94,5.2,47.5,643
420,504,2021-10-31,98,21.5,493,68,3.0,20.1,674
421,463,2021-06-25,54,7.57,965,4,3.4,94.1,543
422,466,2021-09-01,4,17.07,226,90,1.0,89.3,556
423,403,2021-07-13,36,19.42,276,45,0.7,14.8,427
424,68,2021-03-23,73,9.17,195,34,0.7,63.1,761
425,954,2021-10-12,21,1.7,807,84,4.1,81.3,648
426,146,2021-05-31,98,14.98,734,43,0.2,51.6,501
427,165,2021-08-13,36,13.47,621,67,1.3,53.8,498
428,966,2021-04-18,28,23.38,446,3,6.1,85.5,652
429,367,2021-05-08,18,18.88,514,91,8.4,89.4,148
430,570,2021-07-23,11,4.53,121,31,9.8,63.1,530
431,126,2021-03-15,72,12.95,107,9,2.7,81.2,355
432,102,2021-01-31,74,5.67,920,82,4.0,24.0,492
433,578,2021-10-05,11,8.82,624,58,5.8,65.3,995
434,812,2021-03-29,92,14.02,470,52,0.3,47.5,498
435,239,2021-02-25,59,23.6,131,30,8.8,91.4,609
436,520,2021-04-20,47,1.1,736,29,4.0,84.1,462
437,946,2021-01-04,18,2.7,277,18,8.5,84.4,463
438,214,2021-01-19,69,19.5,590,41,0.8,12.5,177
439,888,2021-04-22,63,21.12,484,97,6.7,24.2,561
440,733,2021-08-14,24,4.12,773,90,3.2,3.9,49
441,583,2021-10-04,90,21.02,691,97,8.4,92.6,641
442,823,2021-08-08,89,11.78,773,60,9.0,55.9,652
443,324,2021-08-01,90,7.85,463,1,9.9,26.5,363
444,792,2021-04-10,14,8.37,774,64,5.8,8.9,816
445,34,2021-08-24,7,21.48,485,82,1.2,92.2,582
446,170,2021-06-22,84,5.82,432,6,5.7,82.1,463
447,417,2021-10-10,32,4.97,45,13,5.4,83.4,4
448,998,2021-05-16,13,2.98,187,91,3.4,7.4,955
449,738,2021-01-30,74,20.73,167,76,5.4,61.1,856
450,1,2021-02-11,4,5.42,368,7,0.0,80.5,790
451,945,2021-03-14,94,13.42,522,47,3.2,60.4,869
452,401,2021-09-28,63,19.42,319,89,6.2,36.5,420
453,712,2021-08-07,49,14.82,270,5,9.2,25.3,643
454,600,2021-11-13,67,7.48,921,30,6.5,27.4,824
455,201,2021-07-02,3,7.03,385,20,8.1,31.4,747
456,175,2021-07-08,13,12.2,709,1,6.5,65.1,912
457,751,2021-06-22,3,5.92,941,50,8.6,68.9,115
458,431,2021-10-02,69,8.23,240,28,0.1,1.2,528
459,4,2021-02-19,28,18.07,406,29,0.9,46.6,810
460,147,2021-11-27,0,14.53,957,75,8.2,68.8,26
461,535,2021-07-08,15,22.2,594,97,5.8,32.3,389
462,746,2021-10-04,92,23.38,988,74,9.6,88.2,382
463,401,2021-03-12,97,11.32,466,82,3.8,45.2,627
464,852,2021-07-02,37,5.82,821,74,6.4,69.9,327
465,949,2021-05-10,45,11.27,331,99,8.7,29.0,762
466,754,2021-08-26,59,11.62,401,12,1.7,12.5,641
467,65,2021-10-07,64,15.3,682,27,2.9,85.7,807
468,872,2021-01-18,41,1.17,134,39,9.8,29.5,379
469,640,2021-05-17,80,1.93,476,84,8.1,3.5,277
470,240,2021-12-02,87,12.18,655,45,8.8,51.6,346
471,659,2021-06-14,15,16.38,435,53,6.5,21.0,711
472,270,2021-06-18,43,18.53,737,56,9.8,86.5,331
473,773,2021-11-30,98,12.85,918,56,8.1,33.7,141
474,372,2021-08-20,80,2.1,410,68,5.3,1.1,921
475,403,2021-10-18,46,0.88,225,19,8.2,13.3,425
476,586,2021-09-05,84,23.87,521,12,0.1,40.5,969
477,789,2021-05-09,94,13.7,459,6,6.0,69.1,12
478,818,2021-05-14,59,17.72,675,16,9.7,77.3,12
479,231,2021-11-26,31,11.23,498,67,7.2,4.3,813
480,970,2021-02-07,100,5.83,69,9,4.1,28.0,145
481,825,2021-06-09,8,13.52,316,44,5.5,9.5,501
482,553,2021-06-30,7,3.53,352,22,2.6,72.7,441
483,585,2021-05-16,50,5.98,917,10,3.1,32.6,920
484,432,2021-10-14,57,15.42,127,51,2.5,59.1,796
485,541,2021-09-23,1,2.3,825,100,7.0,14.6,371
486,720,2021-08-01,37,10.15,391,67,2.6,21.5,677
487,150,2021-05-26,12,11.32,219,37,8.9,49.9,699
488,711,2021-08-19,75,8.53,511,92,2.6,32.6,338
489,808,2021-11-04,99,18.17,937,76,0.4,33.9,694
490,969,2021-09-06,28,17.07,453,55,4.0,26.6,4
491,285,2021-05-16,72,15.53,137,88,3.2,39.0,988
492,76,2021-07-29,14,13.43,837,92,5.2,8.2,998
493,889,2021-11-26,2,23.97,157,7,2.2,1.6,167
494,526,2021-10-09,17,8.7,932,56,7.6,50.3,277
495,46,2021-01-19,72,21.02,168,45,0.3,75.6,910
496,721,2021-03-31,100,21.95,864,54,4.2,64.4,141
497,659,2021-01-10,42,18.42,492,75,8.3,7.5,24
498,579,2021-12-18,27,18.92,517,55,6.8,98.3,102
499,689,2021-07-18,63,8.17,131,25,8.6,41.6,70
500,746,2021-06-23,93,3.27,81,81,4.3,34.6,620
501,454,2021-01-24,37,8.02,499,18,2.1,55.2,819
502,812,2021-05-03,78,9.62,279,49,8.7,49.4,767
503,181,2021-07-20,82,19.95,587,96,9.0,2.6,824
504,828,2021-05-03,90,17.8,11,49,5.4,92.6,315
505,407,2021-04-06,31,23.77,286,2,6.8,30.1,479
506,183,2021-01-26,6,6.65,264,30,9.5,60.8,794
507,337,2021-01-19,65,21.93,286,64,6.6,6.4,255
508,799,2021-06-18,13,20.68,205,61,3.2,38.8,774
509,206,2021-02-14,92,16.85,601,90,3.1,79.3,580
510,893,2021-04-22,75,17.0,735,29,6.1,12.8,141
511,614,2021-08-22,9,22.67,655,100,0.8,88.3,478
512,957,2021-12-04,70,17.05,148,60,8.5,48.9,519
513,987,2021-01-22,36,13.6,430,10,4.9,34.9,392
514,645,2021-08-10,51,4.78,635,54,8.9,29.8,696
515,677,2021-04-20,45,12.4,47,91,4.5,2.0,733
516,237,2021-03-19,17,9.13,662,90,7.2,48.8,888
517,449,2021-07-11,94,22.13,611,84,1.7,26.0,529
518,310,2021-06-10,35,3.9,993,0,1.8,25.1,717
519,591,2021-03-06,29,0.97,451,19,8.5,56.8,145
520,726,2021-06-22,39,23.72,42,48,8.5,48.8,982
521,925,2021-01-12,87,18.92,830,18,6.0,82.1,994
522,855,2021-02-24,99,16.2,226,53,8.8,37.7,499
523,722,2021-10-19,23,19.2,620,36,3.4,40.4,349
524,933,2021-08-21,98,22.22,908,25,1.4,55.6,417
525,8,2021-02-14,96,20.33,168,56,4.3,36.5,185
526,468,2021-02-16,24,10.23,67,19,9.6,79.7,791
527,401,2021-12-02,23,11.8,672,39,3.2,8.6,708
528,720,2021-12-11,5,9.47,32,19,3.0,50.6,969
529,297,2021-09-03,0,15.78,521,62,9.8,3.5,28
530,781,2021-01-11,94,4.43,951,81,9.0,76.8,247
531,91,2021-06-24,40,19.43,393,43,8.1,55.0,382
532,341,2021-06-17,3,8.13,671,37,4.4,12.1,949
533,204,2021-12-26,72,18.78,515,48,1.2,0.1,457
534,682,2021-02-22,28,3.28,10,18,3.5,71.4,893
535,94,2021-10-16,33,9.53,297,24,4.2,26.3,887
536,363,2021-08-29,75,11.6,637,82,4.1,77.9,808
537,937,2021-03-04,54,23.93,161,100,9.8,16.6,109
538,75,2021-02-26,68,17.02,922,61,8.8,15.1,282
539,343,2021-05-11,78,7.65,128,12,9.9,85.4,859
540,4,2021-12-08,99,12.15,593,62,3.5,79.8,187
541,694,2021-08-12,27,4.73,906,12,4.9,74.6,895
542,44,2021-12-16,2,15.7,843,79,1.1,43.5,172
543,936,2021-01-31,2,3.48,659,17,2.4,30.3,270
544,679,2021-03-25,84,9.43,395,33,9.8,81.7,164
545,846,2021-04-25,4,20.07,527,21,3.2,44.1,704
546,969,2021-02-23,9,11.63,733,98,8.2,65.8,789
547,917,2021-11-09,70,14.35,363,46,0.7,98.2,61
548,719,2021-07-23,9,1.92,892,1,10.0,79.1,684
549,315,2021-10-24,67,9.9,756,51,0.1,29.1,420
550,636,2021-09-24,74,14.87,12,44,5.3,36.5,812
551,682,2021-02-10,5,7.7,103,45,0.6,19.4,321
552,545,2021-06-21,64,15.68,188,14,8.5,58.2,776
553,863,2021-07-17,91,1.82,186,52,5.5,50.9,493
554,718,2021-12-27,63,1.22,436,65,6.0,2.0,944
555,794,2021-06-28,1,9.52,225,11,7.6,93.6,600
556,208,2021-12-26,100,23.5,134,60,5.5,48.9,536
557,539,2021-03-09,86,6.72,823,29,3.2,72.9,433
558,139,2021-09-02,11,9.17,422,46,0.3,15.4,556
559,881,2021-10-30,16,2.38,277,69,0.5,68.5,132
560,584,2021-03-01,27,17.48,479,100,0.9,54.7,1000
561,514,2021-12-19,47,1.97,447,51,7.0,68.9,24
562,565,2021-06-26,13,14.12,988,53,5.5,94.3,642
563,421,2021-03-18,69,13.13,425,51,9.9,0.6,930
564,586,2021-12-07,52,20.85,0,68,5.5,98.4,633
565,70,2021-05-06,58,6.93,586,77,3.2,3.4,892
566,421,2021-02-04,38,15.77,444,87,9.3,44.6,700
567,612,2021-07-13,10,20.3,790,73,7.1,19.7,837
568,666,2021-04-10,9,0.65,387,86,7.9,89.0,778
569,653,2021-01-20,60,19.88,417,41,5.9,27.2,874
570,911,2021-09-20,74,22.02,183,58,7.2,82.1,429
571,572,2021-02-10,81,1.73,399,45,2.0,72.8,215
572,768,2021-02-08,94,20.02,921,39,5.4,88.9,851
573,23,2021-02-10,100,10.1,227,47,8.2,26.1,46
574,791,2021-09-03,83,3.5,595,51,2.1,65.6,552
575,538,2021-12-20,29,2.97,974,78,7.4,97.5,532
576,93,2021-11-09,24,8.45,612,42,3.8,27.4,353
577,385,2021-01-24,19,14.33,16,39,5.6,10.8,238
578,130,2021-09-19,73,19.2,382,52,2.3,56.9,453
579,207,2021-08-10,42,5.82,62,16,1.9,85.6,358
580,90,2021-08-01,63,20.08,963,18,9.3,14.0,613
581,172,2021-04-26,66,8.67,354,88,9.7,33.8,34
582,307,2021-09-10,17,19.43,316,50,8.8,50.0,878
583,485,2021-11-13,94,17.52,958,56,5.9,48.1,846
584,80,2021-05-26,1,8.23,839,14,8.4,40.3,53
585,199,2021-01-01,100,18.12,555,46,8.4,86.0,687
586,680,2021-08-27,23,15.87,978,22,5.8,32.7,617
587,378,2021-12-07,51,12.22,892,71,2.4,98.7,354
588,397,2021-07-13,20,16.57,480,14,0.8,29.9,875
589,679,2021-05-19,51,12.83,219,75,4.9,49.0,939
590,641,2021-12-09,70,0.9,179,69,1.8,30.7,620
591,13,2021-01-08,61,2.87,109,38,1.7,67.4,386
592,340,2021-07-31,40,22.82,693,64,4.1,93.3,876
593,334,2021-05-11,43,22.37,607,51,5.1,40.6,429
594,953,2021-04-22,70,14.67,154,59,1.4,82.1,149
595,285,2021-05-18,56,23.93,566,23,7.5,19.1,793
596,62,2021-01-24,31,23.35,532,96,3.1,66.0,665
597,394,2021-12-12,29,0.13,553,58,2.8,25.9,283
598,34,2021-10-03,7,7.92,486,10,9.9,28.2,366
599,472,2021-04-06,75,1.98,278,42,0.6,37.1,183
600,738,2021-04-08,92,19.02,257,79,9.5,82.9,718
601,385,2021-04-05,21,9.33,120,27,4.6,77.9,898
602,427,2021-06-06,82,18.62,189,26,8.0,69.4,624
603,487,2021-08-29,84,20.82,185,96,5.8,10.9,756
604,854,2021-12-21,14,14.62,937,58,3.3,33.7,67
605,99,2021-02-02,32,4.57,657,17,9.0,7.9,553
606,820,2021-06-08,87,5.67,690,72,9.4,95.2,788
607,689,2021-10-11,30,20.02,239,80,6.2,10.5,72
608,915,2021-07-15,25,7.75,85,66,6.6,4.5,964
609,46,2021-06-29,0,15.03,173,19,5.0,96.3,48
610,475,2021-11-13,13,23.2,709,40,7.6,75.1,289
611,43,2021-07-02,34,22.77,869,32,3.8,25.1,979
612,569,2021-03-25,70,13.68,762,16,4.2,70.1,431
613,885,2021-07-20,98,20.75,279,0,5.5,43.2,614
614,604,2021-08-27,27,4.43,685,67,3.6,75.1,210
615,852,2021-02-13,17,10.67,916,19,3.0,74.6,669
616,448,2021-02-09,23,18.8,528,26,9.1,29.8,953
617,258,2021-10-24,20,5.45,767,98,6.0,51.8,881
618,902,2021-06-16,34,0.37,898,44,0.2,45.1,340
619,669,2021-12-26,17,2.02,807,95,6.4,16.2,913
620,422,2021-03-28,94,17.5,667,42,9.6,70.6,457
621,560,2021-10-28,56,13.53,67,34,1.1,3.8,198
622,621,2021-04-22,0,11.75,849,74,5.8,64.2,283
623,304,2021-11-13,90,1.9,953,76,3.9,66.2,63
624,933,2021-12-09,4,3.62,546,63,9.0,13.4,337
625,463,2021-11-09,12,22.23,47,64,3.8,35.5,239
626,832,2021-06-09,23,18.5,988,92,8.6,1.5,678
627,993,2021-10-04,99,0.2,114,59,5.5,40.6,847
628,57,2021-10-06,22,2.77,699,15,4.0,39.6,239
629,65,2021-07-03,60,11.5,618,5,3.5,81.8,970
630,918,2021-03-18,57,22.9,714,88,0.9,9.7,375
631,900,2021-12-11,23,21.85,196,41,0.6,19.8,565
632,784,2021-07-10,54,5.78,485,86,6.0,81.3,784
633,900,2021-08-04,56,18.52,609,2,8.2,82.5,838
634,389,2021-07-01,42,22.8,480,53,2.5,14.6,657
635,74,2021-09-02,11,17.47,964,90,5.8,36.1,648
636,686,2021-11-05,81,12.37,941,15,2.4,99.9,138
637,76,2021-08-21,8,10.95,864,92,6.7,72.8,538
638,638,2021-03-06,67,16.58,576,78,3.9,89.6,929
639,136,2021-11-03,46,23.57,987,61,4.1,81.6,243
640,61,2021-06-17,66,3.22,908,62,4.3,11.8,161
641,136,2021-10-03,6,6.23,193,99,8.0,5.2,325
642,700,2021-07-20,61,14.53,57,93,1.3,75.4,480
643,497,2021-05-12,36,6.17,81,68,0.8,74.5,627
644,64,2021-11-28,24,2.03,848,63,8.9,83.2,653
645,933,2021-05-20,78,22.07,938,74,1.0,33.7,266
646,355,2021-11-07,77,7.32,916,96,0.2,14.7,990
647,985,2021-04-13,61,16.67,521,5,6.4,26.2,756
648,771,2021-09-02,40,1.28,388,11,8.4,47.1,27
649,492,2021-03-14,49,1.5,739,72,2.0,37.5,973
650,788,2021-09-14,17,9.17,147,40,9.1,71.4,336
651,28,2021-05-13,78,19.78,657,54,7.5,80.9,654
652,812,2021-10-18,26,7.4,264,9,0.2,52.8,94
653,741,2021-07-27,3,3.27,787,92,5.7,73.4,681
654,84,2021-09-04,17,11.8,49,89,2.0,22.7,529
655,441,2021-06-19,67,15.37,439,94,0.5,33.8,781
656,378,2021-04-23,5,18.23,916,86,2.2,12.9,401
657,712,2021-08-27,51,16.1,177,56,7.0,14.2,552
658,376,2021-01-23,55,17.28,669,12,1.1,53.6,327
659,917,2021-05-08,24,5.1,107,22,5.5,74.9,216
660,539,2021-05-22,35,9.62,784,97,3.8,7.7,777
661,354,2021-08-16,22,3.25,284,67,3.3,50.7,509
662,878,2021-01-16,40,7.98,128,43,3.0,37.4,131
663,967,2021-12-06,46,1.27,82,44,8.6,4.5,922
664,294,2021-11-09,88,12.63,510,31,4.2,23.4,500
665,725,2021-09-10,53,10.57,341,74,8.3,51.3,291
666,854,2021-12-15,9,0.62,473,47,1.6,55.6,737
667,792,2021-05-22,29,4.45,760,89,3.3,62.9,894
668,974,2021-11-01,6,22.42,655,18,2.2,37.8,395
669,385,2021-07-12,4,9.1,927,87,8.5,98.7,448
670,970,2021-02-18,85,3.08,794,23,7.1,5.7,193
671,576,2021-01-19,39,3.07,11,98,9.7,38.4,77
672,712,2021-05-30,18,23.75,174,83,9.3,5.0,500
673,509,2021-08-10,93,8.43,685,67,1.8,70.4,361
674,986,2021-08-05,45,18.17,231,60,8.4,91.8,797
675,241,2021-01-16,4,7.67,752,98,1.4,2.3,358
676,810,2021-06-25,99,14.9,308,72,5.6,8.8,972
677,143,2021-08-25,59,2.47,513,58,0.5,77.1,14
678,586,2021-10-03,80,21.48,253,22,4.7,22.5,107
679,140,2021-04-29,71,7.97,954,54,5.4,11.7,140
680,213,2021-10-23,53,20.17,726,55,8.4,65.4,9
681,707,2021-08-08,9,13.73,276,71,5.0,58.6,664
682,107,2021-09-25,0,9.03,415,10,5.8,46.2,587
683,394,2021-10-29,51,19.88,664,4,5.4,11.9,875
684,823,2021-10-15,28,10.12,489,62,5.8,51.9,892
685,230,2021-10-03,11,2.23,363,54,1.5,17.8,248
686,283,2021-05-05,52,3.32,310,25,1.6,17.8,672
687,333,2021-12-28,47,1.47,3,32,4.3,64.8,75
688,438,2021-04-30,96,18.75,57,46,4.6,23.1,523
689,83,2021-11-09,40,4.67,483,54,9.1,71.3,698
690,729,2021-11-04,92,8.23,398,90,6.0,90.8,950
691,225,2021-05-14,22,15.4,886,2,5.4,63.6,387
692,401,2021-04-22,45,12.52,870,73,5.9,95.2,408
693,765,2021-08-14,94,13.88,900,60,2.1,96.3,460
694,268,2021-08-06,5,13.43,23,9,6.4,81.1,687
695,590,2021-04-13,77,16.92,883,20,1.1,82.6,837
696,807,2021-02-25,60,0.73,348,2,4.1,29.0,612
697,78,2021-10-12,11,11.58,286,18,0.9,48.2,192
698,199,2021-01-02,32,7.9,964,90,7.3,3.9,47
699,476,2021-12-08,86,17.62,814,98,7.3,77.2,942
700,307,2021-04-27,55,22.25,547,41,2.6,98.1,574
701,773,2021-12-18,11,13.55,451,47,8.8,88.2,315
702,96,2021-02-17,62,7.67,343,85,4.7,11.0,822
703,795,2021-11-25,100,7.38,426,72,5.2,72.2,617
704,464,2021-11-10,90,18.45,589,57,3.8,4.3,152
705,800,2021-01-10,26,9.97,475,100,8.7,51.4,951
706,185,2021-11-01,37,2.78,846,90,5.4,66.9,871
707,463,2021-07-23,5,22.15,286,54,7.5,77.1,378
708,851,2021-12-05,89,2.67,376,99,4.2,35.2,714
709,520,2021-05-03,6,3.77,689,8,6.5,45.5,151
710,66,2021-12-13,43,1.5,647,100,4.8,13.7,9
711,14,2021-05-21,70,23.58,929,20,8.2,28.8,354
712,44,2021-01-06,32,2.92,643,3,7.9,21.2,929
713,576,2021-12-05,79,5.62,456,93,2.0,93.6,665
714,617,2021-04-14,39,2.95,927,12,4.4,43.8,753
715,513,2021-03-18,9,12.58,435,44,9.1,31.8,565
716,6,2021-03-10,25,8.37,247,0,6.1,27.3,454
717,88,2021-08-17,77,2.28,598,20,4.1,89.9,395
718,539,2021-01-16,74,14.42,766,69,2.0,13.1,417
719,399,2021-10-10,39,9.9,917,89,3.2,29.2,470
720,230,2021-05-01,41,21.6,643,60,3.4,32.2,716
721,661,2021-10-08,28,12.92,514,25,6.1,40.0,99
722,742,2021-04-16,90,17.87,542,43,1.2,70.3,86
723,160,2021-12-21,53,22.73,401,51,2.4,11.2,37
724,48,2021-05-29,20,3.93,633,1,5.4,46.1,174
725,309,2021-09-03,26,18.2,11,13,9.6,75.5,528
726,63,2021-06-09,2,8.98,645,32,2.1,82.0,108
727,42,2021-03-08,15,7.6,291,24,4.8,55.1,526
728,454,2021-06-06,3,22.52,803,44,2.6,77.2,660
729,262,2021-01-21,85,0.37,32,55,8.4,38.3,197
730,249,2021-10-16,11,9.23,918,17,7.8,35.0,681
731,217,2021-10-22,26,21.97,871,73,4.4,74.8,676
732,832,2021-08-05,91,5.68,513,42,5.6,8.7,265
733,182,2021-11-26,99,16.2,562,89,1.7,95.9,302
734,185,2021-07-16,13,16.5,923,9,1.5,57.1,332
735,123,2021-05-16,68,9.2,114,47,0.1,73.9,953
736,774,2021-06-26,98,4.58,991,56,0.7,64.4,174
737,17,2021-01-12,1,21.77,416,4,2.8,0.7,66
738,889,2021-07-27,3,6.82,133,14,5.3,85.7,149
739,444,2021-10-17,13,21.78,439,82,4.8,76.6,224
740,57,2021-01-27,35,18.0,648,80,2.5,47.7,744
741,527,2021-10-12,2,23.83,109,23,0.7,36.5,409
742,386,2021-09-04,91,0.28,487,58,1.4,52.4,379
743,612,2021-06-09,59,8.75,232,38,1.2,88.0,564
744,131,2021-07-18,68,18.78,89,72,5.7,95.5,435
745,853,2021-07-02,59,18.67,961,87,8.2,38.4,474
746,651,2021-05-07,84,16.53,291,50,6.0,54.9,196
747,317,2021-04-29,8,19.47,731,56,3.1,85.5,801
748,911,2021-03-14,36,1.95,987,61,2.0,35.8,125
749,409,2021-04-04,73,0.83,955,6,8.6,91.0,506
750,911,2021-01-04,21,0.95,258,21,3.9,52.8,169
751,710,2021-11-21,55,11.25,133,95,3.3,23.4,463
752,437,2021-01-20,7,1.22,321,16,8.6,16.1,148
753,329,2021-03-10,33,20.02,821,13,3.1,49.4,704
754,994,2021-03-22,18,16.35,223,59,9.6,88.1,302
755,591,2021-12-01,78,0.8,356,69,7.6,2.8,827
756,568,2021-03-21,2,0.63,271,37,4.0,10.4,771
757,258,2021-10-07,32,8.8,641,79,7.6,37.8,584
758,517,2021-11-04,3,7.87,966,78,7.5,24.5,404
759,158,2021-05-24,56,11.27,794,71,0.2,5.0,810
760,23,2021-11-28,6,11.05,889,50,9.7,53.1,963
761,431,2021-09-02,42,2.63,461,10,0.2,45.2,175
762,136,2021-12-09,41,6.6,470,4,7.3,51.3,742
763,525,2021-11-07,64,9.17,403,93,0.7,26.4,703
764,772,2021-10-24,88,4.57,658,40,0.5,79.8,39
765,951,2021-02-15,28,23.35,621,74,5.9,20.8,986
766,674,2021-07-11,44,17.52,700,19,5.8,33.6,3
767,465,2021-07-06,3,15.25,934,2,1.3,25.8,575
768,331,2021-02-16,78,22.0,265,46,9.2,7.4,927
769,362,2021-01-04,59,10.72,105,51,5.3,47.5,150
770,88,2021-05-29,59,15.93,213,70,2.6,17.2,900
771,178,2021-12-23,46,13.57,823,70,0.8,68.7,108
772,242,2021-05-28,2,2.35,178,19,0.9,36.1,45
773,403,2021-09-16,32,8.47,397,93,0.5,48.5,449
774,654,2021-06-21,100,19.02,169,67,6.6,31.4,4
775,171,2021-05-30,41,1.02,471,78,1.6,88.6,317
776,595,2021-05-25,13,22.7,12,85,7.9,48.9,671
777,499,2021-04-07,62,4.02,438,33,7.2,37.0,742
778,177,2021-03-23,35,11.95,148,62,6.1,70.1,81
779,796,2021-06-18,62,7.88,867,52,9.4,58.3,349
780,823,2021-03-22,27,21.47,810,93,4.1,9.9,611
781,50,2021-12-17,86,17.22,497,100,3.1,10.5,101
782,972,2021-06-03,46,8.37,392,32,8.0,53.2,824
783,280,2021-04-19,86,9.35,584,31,5.5,55.5,632
784,347,2021-05-07,41,2.8,438,5,2.9,41.2,589
785,680,2021-10-15,35,14.52,705,21,5.0,68.8,900
786,496,2021-12-18,12,16.18,726,40,4.0,14.1,10
787,877,2021-06-29,20,0.28,329,48,3.0,71.5,96
788,575,2021-04-10,80,12.37,793,29,9.7,1.3,384
789,750,2021-03-29,41,21.18,760,37,0.8,2.0,851
790,840,2021-08-31,75,23.1,146,73,3.0,0.3,698
791,192,2021-12-02,99,8.88,358,43,0.1,55.7,980
792,940,2021-03-16,68,18.37,357,22,1.2,5.0,303
793,80,2021-02-24,28,3.7,520,44,2.8,26.8,291
794,912,2021-01-06,1,2.53,754,48,6.5,76.4,654
795,143,2021-03-09,66,10.18,589,59,8.8,71.4,838
796,953,2021-06-15,64,6.62,452,71,8.7,11.0,0
797,887,2021-11-25,99,5.47,701,89,3.9,86.3,592
798,249,2021-10-16,17,19.27,13,81,6.0,95.2,355
799,166,2021-06-21,31,13.48,355,47,4.1,3.5,334
800,55,2021-11-20,38,5.15,171,77,4.8,34.7,846
801,391,2021-06-03,43,17.0,627,8,7.0,24.7,789
802,586,2021-03-31,77,1.47,487,91,7.3,21.1,932
803,963,2021-08-14,72,6.6,331,21,5.8,44.0,146
804,958,2021-01-21,16,0.53,967,93,6.0,26.2,876
805,395,2021-02-05,82,22.93,996,26,6.3,31.2,989
806,965,2021-02-13,92,5.18,696,64,5.0,86.2,140
807,445,2021-01-20,68,17.97,979,9,4.6,39.6,981
808,167,2021-02-10,21,21.28,291,88,6.0,31.0,87
809,185,2021-11-01,3,19.72,18,83,7.7,41.1,534
810,616,2021-06-13,52,23.67,569,33,9.9,79.9,773
811,70,2021-03-15,42,6.37,834,45,5.6,81.4,656
812,463,2021-01-10,96,20.73,543,35,4.8,4.6,927
813,118,2021-08-25,5,9.88,980,15,8.1,74.7,383
814,597,2021-01-31,6,22.82,153,7,9.7,99.0,629
815,574,2021-05-09,95,11.58,962,62,7.8,14.8,865
816,751,2021-01-11,11,3.72,471,62,1.3,45.6,317
817,371,2021-07-25,25,6.8,876,78,5.4,78.5,497
818,738,2021-01-27,84,2.27,288,71,9.4,16.3,381
819,999,2021-11-08,51,17.53,183,49,3.5,24.2,441
820,539,2021-05-14,24,19.12,412,93,7.5,54.1,714
821,124,2021-11-21,21,2.6,689,68,6.5,98.5,336
822,190,2021-04-15,6,18.23,279,24,8.3,96.6,480
823,85,2021-08-20,38,5.55,763,60,8.4,62.6,899
824,400,2021-04-02,97,11.08,946,51,8.8,13.9,399
825,649,2021-04-24,15,3.18,906,4,0.7,67.9,501
826,951,2021-12-27,23,23.83,972,93,2.5,60.2,440
827,767,2021-09-19,9,16.75,824,7,0.5,68.3,50
828,118,2021-12-03,96,21.88,735,92,9.6,43.6,59
829,133,2021-12-20,70,12.52,633,60,1.6,53.5,979
830,327,2021-01-23,35,15.55,826,4,3.6,23.4,244
831,79,2021-04-22,25,10.15,418,93,5.8,44.9,238
832,161,2021-07-09,0,10.2,902,1,2.8,99.1,776
833,466,2021-06-10,22,17.35,388,68,4.4,26.4,703
834,96,2021-06-18,53,17.08,169,92,8.1,94.9,281
835,329,2021-11-04,13,15.55,255,38,5.7,11.2,829
836,543,2021-10-10,53,17.13,242,51,1.2,4.4,874
837,356,2021-03-23,29,18.95,995,68,1.1,7.5,120
838,735,2021-05-05,59,15.65,606,7,8.6,39.7,579
839,829,2021-08-21,31,0.53,745,53,8.3,57.9,839
840,886,2021-03-12,29,18.2,262,21,8.5,67.2,216
841,95,2021-03-19,4,22.42,716,52,2.1,33.4,82
842,859,2021-07-06,5,6.32,729,21,8.1,97.3,263
843,862,2021-07-22,61,5.43,919,11,0.2,38.7,652
844,529,2021-11-13,28,6.82,530,14,3.5,81.6,932
845,259,2021-08-20,35,1.25,101,11,9.9,39.1,266
846,402,2021-07-24,52,19.6,587,84,0.5,58.4,329
847,743,2021-01-24,2,16.08,551,58,5.3,80.4,591
848,780,2021-06-29,33,17.9,97,0,1.4,32.1,451
849,920,2021-10-18,13,7.43,627,82,7.3,58.8,14
850,464,2021-04-27,31,20.8,140,81,3.6,45.3,912
851,7,2021-09-16,85,23.78,362,85,3.9,10.4,772
852,735,2021-02-21,17,3.97,247,27,3.7,34.8,909
853,740,2021-12-30,87,2.97,437,67,5.7,26.6,978
854,101,2021-11-29,82,23.03,99,82,7.5,38.3,951
855,42,2021-04-21,71,10.27,827,24,1.0,59.5,117
856,648,2021-01-06,86,1.5,593,43,0.0,71.9,756
857,233,2021-07-10,81,1.3,734,93,1.8,33.8,820
858,28,2021-06-15,82,9.23,557,57,7.1,50.4,679
859,240,2021-01-09,22,22.38,485,28,1.6,84.3,562
860,293,2021-12-12,38,12.28,860,94,9.4,47.9,538
861,475,2021-11-22,95,14.2,981,78,6.1,9.2,883
862,106,2021-11-28,84,7.93,222,58,1.6,41.0,788
863,551,2021-06-07,34,2.62,369,42,5.8,57.2,979
864,935,2021-06-14,48,9.32,576,13,1.2,2.2,470
865,236,2021-05-07,23,1.77,930,25,2.6,27.5,475
866,196,2021-07-08,99,10.07,161,85,0.7,48.2,2
867,647,2021-05-09,60,2.7,547,83,8.0,32.6,478
868,766,2021-05-04,69,8.32,599,64,1.1,17.0,766
869,244,2021-10-02,10,0.82,352,9,0.4,77.2,530
870,464,2021-11-06,46,2.7,825,18,6.9,58.8,987
871,62,2021-04-23,71,13.37,413,91,9.6,66.3,547
872,34,2021-06-24,84,19.52,458,72,5.1,89.9,751
873,947,2021-09-27,6,21.85,939,31,4.0,76.4,226
874,109,2021-05-03,52,13.27,277,26,8.7,39.6,208
875,523,2021-07-04,76,10.97,321,87,1.4,28.3,138
876,945,2021-08-22,90,5.42,616,28,3.6,56.5,154
877,626,2021-03-30,68,4.25,89,45,8.4,84.7,403
878,501,2021-01-12,85,18.62,573,58,2.5,12.2,811
879,634,2021-09-27,70,23.27,951,7,6.2,3.3,710
880,446,2021-04-03,51,0.8,496,37,7.7,30.1,120
881,783,2021-09-16,19,5.5,168,84,8.8,24.3,711
882,182,2021-01-24,28,20.12,795,55,9.0,66.6,357
883,96,2021-08-14,100,16.15,553,57,0.3,97.7,655
884,605,2021-11-03,100,11.63,187,43,5.4,95.8,433
885,697,2021-05-16,92,23.42,756,58,1.6,94.4,395
886,633,2021-07-20,43,18.43,371,18,3.3,37.5,233
887,304,2021-03-15,87,11.28,933,39,3.9,84.0,199
888,796,2021-08-16,68,1.7,373,29,6.8,18.1,330
889,859,2021-05-29,46,7.4,602,92,7.0,86.3,363
890,632,2021-03-21,59,6.38,835,59,6.3,17.8,77
891,165,2021-04-29,0,11.4,909,44,7.9,60.6,493
892,88,2021-08-26,59,4.05,567,67,1.8,4.9,604
893,172,2021-07-11,67,21.52,665,39,8.7,9.0,710
894,835,2021-05-31,4,2.7,28,36,7.5,81.4,799
895,823,2021-04-07,45,15.58,281,40,3.2,41.1,515
896,309,2021-12-01,51,9.75,596,47,6.1,8.2,971
897,718,2021-04-02,37,2.77,191,54,9.1,61.5,923
898,337,2021-12-29,2,20.63,939,87,3.6,10.0,165
899,953,2021-02-14,72,21.58,96,20,6.2,73.0,944
900,995,2021-07-17,90,5.0,132,1,1.0,49.9,567
901,622,2021-02-19,59,7.22,51,26,8.9,55.3,774
902,949,2021-08-01,77,18.63,689,43,1.8,68.1,655
903,151,2021-04-29,67,7.28,520,75,4.9,55.2,215
904,503,2021-02-17,3,15.12,803,34,8.0,11.9,110
905,2,2021-02-28,30,6.12,853,20,9.3,33.2,613
906,858,2021-04-10,0,5.72,832,64,7.3,69.4,639
907,766,2021-12-18,49,2.9,714,33,6.2,34.2,366
908,224,2021-03-17,70,7.32,698,36,2.8,71.4,661
909,281,2021-10-25,9,2.37,898,16,9.3,21.7,642
910,167,2021-04-01,89,8.9,136,21,4.0,41.8,84
911,271,2021-12-01,74,21.15,360,68,1.1,88.6,531
912,11,2021-11-15,28,1.42,38,14,8.2,69.4,100
913,139,2021-12-24,17,2.65,96,98,5.6,85.0,680
914,387,2021-09-04,81,7.73,955,94,1.2,9.6,937
915,750,2021-05-08,92,8.22,954,66,2.3,4.0,810
916,147,2021-09-11,90,10.4,316,68,0.9,45.7,604
917,836,2021-07-18,71,10.23,910,59,4.0,72.8,801
918,54,2021-11-16,22,0.12,638,3,7.3,47.1,849
919,722,2021-09-02,62,23.35,340,70,3.4,86.2,508
920,567,2021-09-10,100,15.93,790,10,2.3,24.6,352
921,156,2021-06-15,52,2.58,357,48,5.3,82.2,792
922,253,2021-02-02,11,2.45,162,77,4.4,59.2,321
923,538,2021-09-13,35,5.8,1000,59,7.6,49.9,553
924,878,2021-04-04,98,14.88,963,97,6.9,33.9,221
925,103,2021-03-23,32,21.78,746,20,4.6,28.9,682
926,16,2021-05-14,85,10.15,614,57,7.1,46.5,567
927,249,2021-06-25,54,13.82,292,52,6.3,17.3,444
928,36,2021-04-03,33,21.82,331,54,1.0,51.4,906
929,112,2021-05-04,36,8.28,568,89,4.9,6.3,164
930,522,2021-04-02,88,2.8,828,3,8.8,22.4,942
931,954,2021-07-11,24,12.38,125,44,9.2,84.3,392
932,596,2021-10-06,83,20.62,896,87,9.9,17.5,994
933,482,2021-09-18,1,2.28,15,17,3.0,2.2,883
934,73,2021-03-31,71,21.0,685,10,9.2,27.6,849
935,351,2021-11-05,49,21.45,674,25,10.0,31.8,83
936,376,2021-06-05,68,14.08,988,77,9.6,18.3,242
937,479,2021-11-06,71,2.18,276,22,3.2,24.0,810
938,716,2021-05-17,87,20.37,277,91,7.3,82.0,604
939,866,2021-07-20,63,16.08,563,26,4.1,69.3,801
940,997,2021-03-18,32,22.6,250,49,7.6,83.3,674
941,572,2021-08-20,31,14.63,573,75,8.3,67.6,222
942,572,2021-08-29,19,2.3,58,44,5.4,17.7,797
943,6,2021-11-19,19,15.48,568,62,0.9,48.3,629
944,859,2021-03-04,28,21.52,640,74,0.3,96.5,592
945,788,2021-03-22,73,18.35,670,55,7.3,44.0,354
946,884,2021-08-18,99,8.2,623,9,3.1,9.6,312
947,363,2021-07-23,62,23.6,210,7,2.9,46.0,795
948,383,2021-02-04,18,20.0,797,14,5.5,73.2,815
949,892,2021-09-03,70,4.35,160,11,3.0,98.4,487
950,357,2021-07-05,80,18.28,402,79,3.7,38.4,332
951,841,2021-03-27,89,11.52,417,65,7.8,77.7,44
952,917,2021-01-31,5,21.35,26,85,7.6,2.5,200
953,770,2021-06-04,5,18.57,690,51,0.8,66.5,524
954,132,2021-07-06,35,13.7,80,67,3.9,99.2,3
955,458,2021-01-06,83,9.37,798,15,7.6,75.4,204
956,884,2021-05-06,28,16.93,439,3,4.8,18.4,936
957,567,2021-01-04,56,2.25,255,10,7.2,100.0,459
958,442,2021-03-17,92,10.88,83,28,0.6,16.7,189
959,376,2021-04-30,91,12.15,490,64,5.0,36.2,140
960,868,2021-10-13,9,21.85,875,73,2.0,59.2,74
961,562,2021-09-05,67,18.17,790,20,9.3,0.2,560
962,836,2021-10-30,51,23.6,947,58,1.7,18.6,370
963,52,2021-06-18,13,10.97,861,14,7.7,59.7,950
964,649,2021-04-11,83,0.27,709,90,9.9,72.0,551
965,389,2021-11-02,57,18.4,793,44,7.3,40.4,777
966,452,2021-07-26,54,18.7,259,57,3.1,79.1,34
967,434,2021-04-17,64,15.92,827,66,7.4,52.8,370
968,386,2021-11-01,36,9.38,756,66,9.1,64.8,675
969,915,2021-04-20,1,2.55,329,37,0.4,88.0,227
970,900,2021-07-18,7,23.7,494,58,6.3,79.9,791
971,861,2021-06-04,63,9.05,377,78,1.6,18.7,979
972,173,2021-02-19,79,3.25,343,44,3.2,90.7,982
973,995,2021-08-08,63,16.07,754,42,8.5,27.0,4
974,403,2021-05-26,43,3.83,978,9,1.8,22.4,247
975,899,2021-09-14,48,4.25,517,80,1.6,60.8,270
976,510,2021-02-07,41,4.07,992,71,7.6,15.6,892
977,886,2021-10-05,73,18.63,626,4,6.2,57.7,533
978,264,2021-04-27,46,5.02,911,7,9.5,19.0,743
979,163,2021-09-23,26,18.57,338,41,5.8,85.1,991
980,85,2021-01-07,9,15.28,455,52,7.5,88.5,396
981,792,2021-10-21,29,9.55,596,15,9.4,80.6,943
982,133,2021-08-20,4,18.62,981,94,4.8,14.6,612
983,932,2021-05-09,5,23.13,59,53,9.5,89.0,330
984,973,2021-12-26,100,23.67,223,51,0.2,32.1,854
985,530,2021-09-30,90,16.27,602,57,9.7,3.4,975
986,461,2021-09-10,36,18.9,690,25,6.8,89.2,665
987,747,2021-10-04,28,17.27,820,88,2.9,37.2,481
988,278,2021-02-14,39,10.1,917,31,8.5,59.3,639
989,36,2021-06-16,90,12.97,592,51,8.0,70.5,630
990,679,2021-09-21,62,0.3,460,24,2.3,11.5,927
991,142,2021-12-15,34,7.12,316,18,0.4,63.3,77
992,755,2021-03-02,2,2.2,388,46,6.5,95.5,759
993,619,2021-09-20,30,3.92,748,50,9.5,17.0,958
994,729,2021-11-01,64,22.1,668,68,2.4,19.4,774
995,583,2021-11-27,43,3.95,107,6,2.1,10.9,684
996,853,2021-12-10,19,12.27,756,72,1.4,9.9,798
997,391,2021-04-15,72,7.42,704,13,8.2,98.8,397
998,586,2021-04-04,47,4.3,979,65,5.0,64.6,205
999,571,2021-03-01,11,17.9,995,26,9.3,1.8,163
1000,664,2021-07-05,9,7.6,838,17,0.8,33.5,886
