customer_id,first_name,last_name,last_transaction_date,total_transactions,total_spent,avg_transaction_amount,recency,churn_flag,R,F,M,RFM_Score,Customer_Segment,churn_prediction,predicted_clv
652,Evan,O'Kelly,2021-05-23,3,10587.79,3529.2633333333333,222.0,True,2,2,3,223,Champions,True,142.43663677130047
273,Vanna,Bartolomeoni,2021-08-17,2,3467.96,1733.98,136.0,False,2,2,0,220,Hibernating,True,50.62715328467153
51,Yelena,Longhirst,2021-08-19,2,12222.83,6111.415,134.0,False,2,2,3,223,Champions,False,181.07896296296298
839,Andreas,Arnaldo,2020-10-22,1,9768.04,9768.04,435.0,True,1,0,2,102,Potential Loyalists,True,22.40376146788991
350,Fredrika,Gibbons,2021-02-16,2,5436.51,2718.255,318.0,True,1,2,1,121,At Risk Customers,True,34.08470219435737
539,Corrie,Usher,2020-05-27,1,1748.62,1748.62,583.0,True,0,0,0,000,Hibernating,True,2.994212328767123
874,Eba,Comini,2021-09-26,2,5711.12,2855.56,96.0,False,3,2,1,321,At Risk Customers,False,117.75505154639175
278,Harland,Suche,2021-10-06,2,7959.03,3979.515,86.0,False,3,2,2,322,Potential Loyalists,False,182.9662068965517
946,Jyoti,Dubock,2020-03-29,1,9576.61,9576.61,642.0,True,0,0,2,002,Potential Loyalists,True,14.893639191290825
176,Neddy,Drance,2020-03-22,1,7687.96,7687.96,649.0,True,0,0,2,002,Potential Loyalists,True,11.827630769230769
576,Elysia,Woodruffe,2021-03-28,1,434.44,434.44,278.0,True,1,0,0,100,Hibernating,True,1.5571326164874553
292,Deloris,Trett,2021-01-17,1,7321.03,7321.03,348.0,True,1,0,2,102,Potential Loyalists,True,20.977163323782232
929,Bordie,Hearnes,2021-11-15,1,1387.06,1387.06,46.0,False,3,0,0,300,Hibernating,False,29.511914893617018
770,Horace,Struys,2021-10-10,1,8173.99,8173.99,82.0,False,3,0,2,302,Potential Loyalists,False,98.48180722891567
22,Job,Verrico,2021-07-04,2,17457.68,8728.84,180.0,False,2,2,3,223,Champions,False,192.90254143646408
271,Etheline,Shird,2021-11-01,4,18010.92,4502.73,60.0,False,3,2,3,323,Champions,False,1181.0439344262295
417,Hermie,Oen,2021-11-12,2,11449.03,5724.515,49.0,False,3,2,3,323,Champions,False,457.9612
556,Beniamino,Jagiello,2021-10-18,1,5715.59,5715.59,74.0,False,3,0,1,301,At Risk Customers,False,76.20786666666667
764,Gamaliel,Whatsize,2021-09-16,1,2787.22,2787.22,106.0,False,3,0,0,300,Hibernating,False,26.04878504672897
638,Tremayne,Tropman,2020-03-04,1,7217.99,7217.99,667.0,True,0,0,1,001,At Risk Customers,True,10.805374251497007
775,Avigdor,Goreisr,2021-02-05,1,5967.64,5967.64,329.0,True,1,0,1,101,At Risk Customers,True,18.083757575757577
791,Garland,Sworder,2021-11-14,1,9981.69,9981.69,47.0,False,3,0,2,302,Potential Loyalists,False,207.951875
173,Giacobo,Knightly,2020-03-07,1,5060.3,5060.3,664.0,True,0,0,1,001,At Risk Customers,True,7.609473684210527
42,Kile,McGooch,2021-07-15,2,12273.82,6136.91,169.0,False,2,2,3,223,Champions,False,144.39788235294117
189,Barrett,Donlon,2020-08-28,3,14722.97,4907.656666666667,490.0,True,0,2,3,023,Champions,True,89.95704684317718
161,Nata,Copcott,2021-10-16,3,16636.29,5545.43,76.0,False,3,2,3,323,Champions,False,648.1671428571428
113,Carolin,Reddle,2020-05-19,1,8488.27,8488.27,591.0,True,0,0,2,002,Potential Loyalists,True,14.33829391891892
632,Tudor,Gruszka,2021-06-04,2,8447.87,4223.935,210.0,True,2,2,2,222,Potential Loyalists,True,80.07459715639811
658,Selig,Gardener,2021-12-17,2,7888.36,3944.18,14.0,False,3,2,2,322,Potential Loyalists,False,1051.7813333333334
578,Tiler,Folley,2021-07-11,1,9470.37,9470.37,173.0,False,2,0,2,202,Potential Loyalists,False,54.427413793103455
802,Della,Stapele,2020-01-24,1,648.71,648.71,707.0,True,0,0,0,000,Hibernating,True,0.9162570621468927
815,Ambur,Moreby,2020-04-06,1,6691.82,6691.82,634.0,True,0,0,1,001,At Risk Customers,True,10.538299212598425
695,Susann,Desorts,2021-11-24,1,4198.53,4198.53,37.0,False,3,0,1,301,At Risk Customers,False,110.48763157894736
440,Inglis,Drummond,2021-06-06,2,7673.01,3836.505,208.0,True,2,2,2,222,Potential Loyalists,True,73.42593301435407
794,Norri,Pygott,2021-04-04,1,3198.49,3198.49,271.0,True,2,0,0,200,Hibernating,True,11.759154411764705
57,Geralda,Dooher,2021-06-15,2,14890.94,7445.47,199.0,True,2,2,3,223,Champions,False,148.9094
19,Gillan,Chuney,2021-02-15,1,3274.02,3274.02,319.0,True,1,0,0,100,Hibernating,True,10.231312500000001
644,Karlotte,Fuzzard,2021-03-10,1,1093.97,1093.97,296.0,True,1,0,0,100,Hibernating,True,3.6834006734006732
824,Jeniece,Arney,2021-06-20,2,10337.14,5168.57,194.0,True,2,2,3,223,Champions,False,106.02194871794872
357,Annmarie,Van Der Straaten,2021-10-09,2,13713.11,6856.555,83.0,False,3,2,3,323,Champions,False,326.502619047619
266,Ramsey,Aujouanet,2021-08-28,1,8813.7,8813.7,125.0,False,2,0,2,202,Potential Loyalists,False,69.95
315,Keven,Brechin,2020-08-29,2,8602.41,4301.205,489.0,True,0,2,2,022,Potential Loyalists,True,35.11187755102041
307,Calley,Beckley,2021-10-22,2,15826.82,7913.41,70.0,False,3,2,3,323,Champions,False,445.82591549295773
841,Orville,Ludron,2021-10-11,2,11012.23,5506.115,81.0,False,3,2,3,323,Champions,False,268.5909756097561
91,Sydel,O'Bruen,2021-09-26,3,9336.27,3112.09,96.0,False,3,2,2,322,Potential Loyalists,True,288.75061855670106
803,Frannie,Upfold,2020-04-18,1,4545.82,4545.82,622.0,True,0,0,1,001,At Risk Customers,True,7.296661316211877
181,Carling,Hillitt,2021-12-09,1,2349.45,2349.45,22.0,False,3,0,0,300,Hibernating,False,102.14999999999999
220,Gardner,Gibling,2021-06-25,1,5204.98,5204.98,189.0,True,2,0,1,201,At Risk Customers,False,27.394631578947365
823,Brewer,Gittens,2021-12-19,3,14431.43,4810.4766666666665,12.0,False,3,2,3,323,Champions,False,3330.3300000000004
822,Elvera,Sollas,2021-05-25,1,9470.55,9470.55,220.0,True,2,0,2,202,Potential Loyalists,False,42.85316742081448
175,Husain,Georgeson,2020-01-18,1,1937.42,1937.42,713.0,True,0,0,0,000,Hibernating,True,2.7134733893557423
596,Lorant,Crozier,2021-12-29,1,3149.05,3149.05,2.0,False,3,0,0,300,Hibernating,False,1049.6833333333334
50,Noel,Jannequin,2020-02-29,1,9768.73,9768.73,671.0,True,0,0,2,002,Potential Loyalists,True,14.536800595238093
391,Binnie,Davidsohn,2021-12-01,3,11399.86,3799.9533333333334,30.0,False,3,2,3,323,Champions,False,1103.2122580645162
2,Bree,O'Toole,2020-07-16,1,4558.81,4558.81,533.0,True,0,0,1,001,At Risk Customers,True,8.537097378277155
128,Dael,Astlet,2021-08-18,1,9956.32,9956.32,135.0,False,2,0,2,202,Potential Loyalists,False,73.20823529411764
714,Haily,Halson,2020-12-10,2,5442.77,2721.385,386.0,True,1,2,1,121,At Risk Customers,True,28.128010335917317
909,Ariela,Corro,2021-12-19,1,4348.54,4348.54,12.0,False,3,0,1,301,At Risk Customers,False,334.50307692307695
355,Dion,Patriche,2020-03-03,1,7475.88,7475.88,668.0,True,0,0,2,002,Potential Loyalists,True,11.174708520179372
637,Floris,Seally,2021-09-24,2,10826.52,5413.26,98.0,False,3,2,3,323,Champions,False,218.7175757575758
747,Kliment,Zemler,2020-12-16,1,7581.16,7581.16,380.0,True,1,0,2,102,Potential Loyalists,True,19.89805774278215
222,Deb,Jupp,2021-02-03,1,5448.71,5448.71,331.0,True,1,0,1,101,At Risk Customers,True,16.411777108433736
777,Karlotta,Joy,2020-01-01,1,1384.64,1384.64,730.0,True,0,0,0,000,Hibernating,True,1.8941723666210672
164,Broderick,Eastgate,2020-08-16,1,3349.32,3349.32,502.0,True,0,0,0,000,Hibernating,True,6.658687872763419
922,Betti,Bertouloume,2020-05-22,1,7706.71,7706.71,588.0,True,0,0,2,002,Potential Loyalists,True,13.084397283531409
545,Bobbe,Burman,2021-10-21,3,15389.52,5129.84,71.0,False,3,2,3,323,Champions,False,641.23
977,Jason,Bake,2020-07-08,2,8203.42,4101.71,541.0,True,0,2,2,022,Potential Loyalists,True,30.27092250922509
528,Cristy,Croxall,2021-09-09,1,5556.58,5556.58,113.0,False,3,0,1,301,At Risk Customers,False,48.7419298245614
27,Beale,Mc Ilory,2020-04-13,1,336.32,336.32,627.0,True,0,0,0,000,Hibernating,True,0.5355414012738854
811,Christel,Gerin,2021-09-03,1,4498.16,4498.16,119.0,False,3,0,1,301,At Risk Customers,False,37.48466666666666
143,Hailee,Ryott,2021-05-07,1,1542.71,1542.71,238.0,True,2,0,0,200,Hibernating,True,6.4548535564853555
58,Harlan,Nurse,2020-10-17,2,6727.41,3363.705,440.0,True,1,2,1,121,At Risk Customers,True,30.50979591836735
228,Gennie,Dobsons,2021-12-01,1,1072.23,1072.23,30.0,False,3,0,0,300,Hibernating,False,34.58806451612903
667,Carmencita,Widmore,2020-04-28,2,10137.28,5068.64,612.0,True,0,2,3,023,Champions,True,33.07432300163133
668,Nissa,Egre,2021-02-06,1,8835.86,8835.86,328.0,True,1,0,2,102,Potential Loyalists,True,26.856717325227965
850,Gabriel,Ewebank,2021-09-17,1,2878.13,2878.13,105.0,False,3,0,0,300,Hibernating,False,27.152169811320753
294,Genny,Edmonstone,2020-11-19,1,5759.74,5759.74,407.0,True,1,0,1,101,At Risk Customers,True,14.117009803921567
481,Athene,Warlowe,2020-07-29,2,14718.54,7359.27,520.0,True,0,2,3,023,Champions,True,56.501113243762
645,Marna,Santus,2021-08-01,1,4131.73,4131.73,152.0,False,2,0,1,201,At Risk Customers,False,27.004771241830063
607,Philipa,Tabbernor,2021-09-25,1,5681.24,5681.24,97.0,False,3,0,1,301,At Risk Customers,False,57.97183673469387
382,Tana,Drezzer,2021-12-16,3,14171.99,4723.996666666667,15.0,False,3,2,3,323,Champions,False,2657.248125
378,Sheila-kathryn,Janku,2021-11-25,2,6410.23,3205.115,36.0,False,3,2,1,321,At Risk Customers,False,346.4989189189189
483,Myrilla,Itzhak,2020-10-16,2,8473.26,4236.63,441.0,True,1,2,2,122,Potential Loyalists,True,38.34054298642534
276,Welbie,Tomczynski,2021-08-03,3,16188.34,5396.113333333334,150.0,False,2,2,3,223,Champions,False,321.6226490066225
646,Iver,Colaton,2021-10-14,3,9050.96,3016.9866666666667,78.0,False,3,2,2,322,Potential Loyalists,False,343.7073417721519
379,Devonna,O' Flaherty,2021-03-30,2,14891.78,7445.89,276.0,True,1,2,3,123,Champions,True,107.5218772563177
320,Tabb,Blanchard,2021-04-22,2,11120.29,5560.145,253.0,True,2,2,3,223,Champions,True,87.56133858267717
942,Sheilah,Challen,2020-02-15,1,7170.79,7170.79,685.0,True,0,0,1,001,At Risk Customers,True,10.45304664723032
115,Cleve,de Marco,2020-07-11,1,1393.54,1393.54,538.0,True,0,0,0,000,Hibernating,True,2.585417439703154
97,Bryce,Drejer,2020-12-28,1,8937.52,8937.52,368.0,True,1,0,2,102,Potential Loyalists,True,24.220921409214093
59,Samantha,Barwise,2021-10-17,5,33198.95,6639.79,75.0,False,3,2,3,323,Champions,False,2184.141447368421
589,Trevor,Hawker,2021-01-27,1,5352.98,5352.98,338.0,True,1,0,1,101,At Risk Customers,True,15.790501474926252
127,Sherwood,Mackleden,2021-06-26,1,5258.15,5258.15,188.0,True,2,0,1,201,At Risk Customers,False,27.820899470899466
682,Melita,Dockree,2021-05-01,1,3319.66,3319.66,244.0,True,2,0,0,200,Hibernating,True,13.549632653061225
44,Marlow,Boothe,2020-07-13,1,6338.33,6338.33,536.0,True,0,0,1,001,At Risk Customers,True,11.803221601489758
816,Sandy,Tatum,2021-12-10,2,3320.82,1660.41,21.0,False,3,2,0,320,Hibernating,False,301.8927272727273
676,Laurene,Pottery,2020-11-23,1,4954.09,4954.09,403.0,True,1,0,1,101,At Risk Customers,True,12.26259900990099
778,Tymothy,Clendinning,2021-01-17,1,8109.43,8109.43,348.0,True,1,0,2,102,Potential Loyalists,True,23.23618911174785
944,Erie,Halpeine,2020-10-09,1,2288.36,2288.36,448.0,True,1,0,0,100,Hibernating,True,5.096570155902005
214,Sterling,Virgo,2021-11-15,1,2545.52,2545.52,46.0,False,3,0,0,300,Hibernating,False,54.16
847,Vilma,Armiger,2020-01-30,1,6583.24,6583.24,701.0,True,0,0,1,001,At Risk Customers,True,9.377834757834759
419,Cal,Treace,2021-10-16,2,9340.66,4670.33,76.0,False,3,2,2,322,Potential Loyalists,False,242.61454545454546
551,Ward,Marchi,2020-12-07,2,5736.35,2868.175,389.0,True,1,2,1,121,At Risk Customers,True,29.41717948717949
532,Daniel,Du Pre,2020-09-12,1,6863.62,6863.62,475.0,True,1,0,1,101,At Risk Customers,True,14.41936974789916
945,Katey,St Clair,2021-08-09,1,149.21,149.21,144.0,False,2,0,0,200,Hibernating,False,1.0290344827586206
948,Tricia,Labon,2020-12-25,1,4235.69,4235.69,371.0,True,1,0,1,101,At Risk Customers,True,11.386263440860215
95,Pedro,Casaroli,2020-12-18,1,4357.64,4357.64,378.0,True,1,0,1,101,At Risk Customers,True,11.4977308707124
259,Dav,Ledger,2021-03-07,2,12543.37,6271.685,299.0,True,1,2,3,123,Champions,True,83.62246666666668
519,Billy,Hance,2021-04-14,2,11557.88,5778.94,261.0,True,2,2,3,223,Champions,True,88.22809160305343
409,Yule,Almond,2021-03-20,2,14495.49,7247.745,286.0,True,1,2,3,123,Champions,True,101.01386759581881
30,Bastien,Elsegood,2021-11-26,3,13041.75,4347.25,35.0,False,3,2,3,323,Champions,False,1086.8125
521,Sophie,Gisby,2021-02-20,2,6268.54,3134.27,314.0,True,1,2,1,121,At Risk Customers,True,39.80025396825397
3,Phebe,Brushfield,2021-05-23,1,725.78,725.78,222.0,True,2,0,0,200,Hibernating,True,3.254618834080717
936,Terrijo,Scholl,2021-06-22,1,1065.99,1065.99,192.0,True,2,0,0,200,Hibernating,True,5.523264248704663
921,Kelcie,Larman,2020-07-21,1,5536.73,5536.73,528.0,True,0,0,1,001,At Risk Customers,True,10.46640831758034
249,Ettore,Croix,2021-11-25,2,14177.48,7088.74,36.0,False,3,2,3,323,Champions,False,766.3502702702702
255,Charline,Latchford,2020-01-23,1,3385.07,3385.07,708.0,True,0,0,0,000,Hibernating,True,4.774428772919605
984,Conway,Lesslie,2020-06-27,1,2523.77,2523.77,552.0,True,0,0,0,000,Hibernating,True,4.56377938517179
639,Carolin,Earlam,2020-01-13,1,198.42,198.42,718.0,True,0,0,0,000,Hibernating,True,0.2759666203059805
34,Cam,Chester,2020-04-02,1,6383.86,6383.86,638.0,True,0,0,1,001,At Risk Customers,True,9.99039123630673
138,Kristofer,Peffer,2020-07-23,1,5361.38,5361.38,526.0,True,0,0,1,001,At Risk Customers,True,10.173396584440228
947,Byrann,Jensen,2021-04-30,2,9209.44,4604.72,245.0,True,2,2,2,222,Potential Loyalists,True,74.87349593495937
978,Idalina,Lyles,2020-05-04,1,2542.08,2542.08,606.0,True,0,0,0,000,Hibernating,True,4.187940691927512
407,Veriee,Zorzenoni,2021-11-01,2,10544.74,5272.37,60.0,False,3,2,3,323,Champions,False,345.72918032786885
904,Woodman,Fowley,2020-02-03,1,4059.7,4059.7,697.0,True,0,0,1,001,At Risk Customers,True,5.816189111747851
443,Cathryn,Ackroyd,2021-07-02,1,6034.51,6034.51,182.0,True,2,0,1,201,At Risk Customers,False,32.975464480874315
387,Vincenz,Autry,2020-09-23,3,27150.11,9050.036666666667,464.0,True,1,2,3,123,Champions,True,175.162
39,Kort,Kermath,2021-05-27,1,229.79,229.79,218.0,True,2,0,0,200,Hibernating,True,1.049269406392694
524,Otes,Leavold,2021-02-12,2,10118.68,5059.34,322.0,True,1,2,3,123,Champions,True,62.65436532507741
312,Thia,Desesquelle,2021-12-27,2,2555.17,1277.585,4.0,False,3,2,0,320,Hibernating,False,1022.0680000000001
862,Briant,Cartmael,2020-05-21,1,6422.48,6422.48,589.0,True,0,0,1,001,At Risk Customers,True,10.885559322033897
469,Darrick,Eaklee,2021-09-19,1,1574.79,1574.79,103.0,False,3,0,0,300,Hibernating,False,15.142211538461538
608,Nick,Brash,2021-06-30,3,12378.95,4126.316666666667,184.0,True,2,2,3,223,Champions,True,200.73972972972976
793,Evanne,Plampeyn,2020-08-07,3,7403.76,2467.92,511.0,True,0,2,2,022,Potential Loyalists,True,43.38140625
317,Lyell,Delagnes,2021-08-21,1,8460.71,8460.71,132.0,False,2,0,2,202,Potential Loyalists,False,63.614360902255626
126,Brett,MacNeilage,2020-07-15,1,7775.6,7775.6,534.0,True,0,0,2,002,Potential Loyalists,True,14.533831775700936
194,Trstram,Peppard,2021-02-21,1,1074.07,1074.07,313.0,True,1,0,0,100,Hibernating,True,3.420605095541401
360,Ethelred,Garmons,2020-10-13,2,13393.55,6696.775,444.0,True,1,2,3,123,Champions,True,60.19573033707865
463,Ursa,Goble,2020-02-25,1,4161.73,4161.73,675.0,True,0,0,1,001,At Risk Customers,True,6.156405325443786
476,Hubie,Gosselin,2021-04-26,1,3002.34,3002.34,249.0,True,2,0,0,200,Hibernating,True,12.009360000000001
99,Shaw,Kenwright,2020-10-05,2,8912.07,4456.035,452.0,True,1,2,2,122,Potential Loyalists,True,39.34688741721854
629,Allys,Calder,2020-05-05,1,8104.42,8104.42,605.0,True,0,0,2,002,Potential Loyalists,True,13.373630363036304
726,Charlene,Pringuer,2021-12-22,2,1334.08,667.04,9.0,False,3,2,0,320,Hibernating,False,266.816
374,Felicdad,Justice,2020-02-26,1,6094.27,6094.27,674.0,True,0,0,1,001,At Risk Customers,True,9.028548148148149
224,Tobin,Sturges,2021-09-23,2,2511.42,1255.71,99.0,False,3,2,0,320,Hibernating,True,50.2284
719,Matias,Tollett,2020-07-22,1,2764.43,2764.43,527.0,True,0,0,0,000,Hibernating,True,5.2356628787878785
318,Sophey,Learoyd,2021-11-22,1,9166.32,9166.32,39.0,False,3,0,2,302,Potential Loyalists,False,229.15800000000002
354,Artemis,Patillo,2021-03-27,1,1560.82,1560.82,279.0,True,1,0,0,100,Hibernating,True,5.574357142857142
647,Terri,Otson,2020-02-29,1,8283.98,8283.98,671.0,True,0,0,2,002,Potential Loyalists,True,12.32735119047619
442,Johnna,Rogez,2021-01-10,2,11121.13,5560.565,355.0,True,1,2,3,123,Champions,True,62.478258426966285
12,Eleonora,Utting,2020-02-15,1,7341.37,7341.37,685.0,True,0,0,2,002,Potential Loyalists,True,10.701705539358601
593,Sybyl,Stainfield,2020-02-07,1,470.85,470.85,693.0,True,0,0,0,000,Hibernating,True,0.6784582132564841
479,Lily,Ege,2020-04-27,1,8067.87,8067.87,613.0,True,0,0,2,002,Potential Loyalists,True,13.13985342019544
293,Kanya,Orrin,2020-05-02,1,1276.8,1276.8,608.0,True,0,0,0,000,Hibernating,True,2.096551724137931
495,Eunice,Cressingham,2021-03-25,1,336.08,336.08,281.0,True,1,0,0,100,Hibernating,True,1.19177304964539
154,Hall,Abotson,2021-08-24,2,6737.07,3368.535,129.0,False,2,2,1,221,At Risk Customers,False,103.64723076923077
935,Torr,Iacovolo,2021-02-15,1,7717.83,7717.83,319.0,True,1,0,2,102,Potential Loyalists,True,24.11821875
696,Marvin,Newberry,2021-03-22,1,4556.09,4556.09,284.0,True,1,0,1,101,At Risk Customers,True,15.986280701754387
969,Evyn,Habbijam,2020-04-26,2,17694.14,8847.07,614.0,True,0,2,3,023,Champions,True,57.541918699186986
264,Justinian,MacPeice,2021-04-02,3,8819.74,2939.9133333333334,273.0,True,2,2,2,222,Potential Loyalists,True,96.56649635036497
435,Shir,Mercy,2020-04-20,1,8736.4,8736.4,620.0,True,0,0,2,002,Potential Loyalists,True,14.068276972624798
351,Aurlie,Prettyjohns,2021-08-15,1,5220.83,5220.83,138.0,False,2,0,1,201,At Risk Customers,False,37.55992805755396
116,Caro,Izsak,2021-02-10,1,2411.96,2411.96,324.0,True,1,0,0,100,Hibernating,True,7.4214153846153845
732,Sigismond,Chatteris,2021-10-21,2,1889.39,944.695,71.0,False,3,2,0,320,Hibernating,False,52.48305555555555
837,Lulita,Robbeke,2020-05-27,2,10356.02,5178.01,583.0,True,0,2,3,023,Champions,True,35.46582191780822
826,Sarge,Handrick,2021-09-14,1,1973.65,1973.65,108.0,False,3,0,0,300,Hibernating,False,18.106880733944955
491,Matty,Parrett,2021-04-07,1,4633.11,4633.11,268.0,True,2,0,1,201,At Risk Customers,True,17.22345724907063
911,Kristofer,Kollach,2021-12-01,3,6636.85,2212.2833333333333,30.0,False,3,2,1,321,At Risk Customers,False,642.2758064516129
462,Hetty,Raw,2020-01-25,1,2746.13,2746.13,706.0,True,0,0,0,000,Hibernating,True,3.8842008486562944
734,Lindsay,Miliffe,2021-03-24,1,8594.58,8594.58,282.0,True,1,0,2,102,Potential Loyalists,True,30.3695406360424
855,Anne,Toon,2021-01-24,5,31331.05,6266.21,341.0,True,1,2,3,123,Champions,True,458.0562865497076
436,Tobe,Schleicher,2020-12-15,1,3892.03,3892.03,381.0,True,1,0,1,101,At Risk Customers,True,10.188560209424084
967,Morgan,Riddich,2020-11-29,1,6161.71,6161.71,397.0,True,1,0,1,101,At Risk Customers,True,15.481683417085428
870,Isiahi,Acaster,2020-04-30,1,3044.76,3044.76,610.0,True,0,0,0,000,Hibernating,True,4.9832405891980365
263,Pearl,Schermick,2021-09-16,3,18101.74,6033.913333333333,106.0,False,3,2,3,323,Champions,False,507.5254205607477
836,Mona,Galfour,2021-12-21,2,9252.23,4626.115,10.0,False,3,2,2,322,Potential Loyalists,False,1682.2236363636364
784,Pearle,Griffiths,2020-08-16,2,9645.74,4822.87,502.0,True,0,2,2,022,Potential Loyalists,True,38.35284294234592
711,Vivyan,Bracco,2020-11-02,1,8551.19,8551.19,424.0,True,1,0,2,102,Potential Loyalists,True,20.12044705882353
470,Caritta,Piburn,2021-08-09,2,9924.25,4962.125,144.0,False,2,2,2,222,Potential Loyalists,False,136.88620689655173
478,Daisy,Codling,2020-09-26,2,11126.43,5563.215,461.0,True,1,2,3,123,Champions,True,48.166363636363634
577,Osbert,Fouracres,2021-03-28,1,4990.56,4990.56,278.0,True,1,0,1,101,At Risk Customers,True,17.887311827956992
505,Malia,Pandie,2021-12-14,1,7999.9,7999.9,17.0,False,3,0,2,302,Potential Loyalists,False,444.43888888888887
280,Carlynn,Tomeo,2021-12-21,1,7839.55,7839.55,10.0,False,3,0,2,302,Potential Loyalists,False,712.6863636363637
188,Clerc,Plomer,2020-11-11,3,17295.29,5765.096666666666,415.0,True,1,2,3,123,Champions,True,124.72564903846155
240,Dacie,Sell,2021-02-20,2,17691.18,8845.59,314.0,True,1,2,3,123,Champions,True,112.32495238095238
328,Morly,Kennicott,2021-11-10,2,8353.5,4176.75,51.0,False,3,2,2,322,Potential Loyalists,False,321.28846153846155
525,Tomasina,Battey,2020-07-21,1,9973.11,9973.11,528.0,True,0,0,2,002,Potential Loyalists,True,18.852759924385634
650,Joelie,Cheverton,2021-05-05,1,5086.39,5086.39,240.0,True,2,0,1,201,At Risk Customers,True,21.105352697095437
703,Charmane,Blasoni,2021-09-27,1,9061.78,9061.78,95.0,False,3,0,2,302,Potential Loyalists,False,94.39354166666666
210,Lexi,Spinnace,2021-01-17,2,12042.94,6021.47,348.0,True,1,2,3,123,Champions,True,69.01398280802292
226,Emlynn,Stroband,2021-11-20,1,7485.74,7485.74,41.0,False,3,0,2,302,Potential Loyalists,False,178.23190476190476
48,Faye,Nancekivell,2020-02-07,1,2155.84,2155.84,693.0,True,0,0,0,000,Hibernating,True,3.1063976945244955
447,Franny,Hamprecht,2021-08-25,1,173.93,173.93,128.0,False,2,0,0,200,Hibernating,False,1.3482945736434109
298,Cassy,Saladine,2021-10-11,1,122.22,122.22,81.0,False,3,0,0,300,Hibernating,False,1.4904878048780488
954,Hedi,Bridle,2021-06-27,2,8922.59,4461.295,187.0,True,2,2,2,222,Potential Loyalists,True,94.92117021276596
800,Johnnie,Bowgen,2020-12-17,1,1552.11,1552.11,379.0,True,1,0,0,100,Hibernating,True,4.084499999999999
204,Giraud,Naldrett,2021-11-22,2,1791.29,895.645,39.0,False,3,2,0,320,Hibernating,False,89.56450000000001
456,Evita,O'Hengerty,2020-07-28,2,7567.37,3783.685,521.0,True,0,2,2,022,Potential Loyalists,True,28.993754789272028
531,Hank,Margerrison,2021-06-06,2,6668.13,3334.065,208.0,True,2,2,1,221,At Risk Customers,True,63.80985645933014
546,Rosemary,Veltman,2020-10-13,1,7797.77,7797.77,444.0,True,1,0,2,102,Potential Loyalists,True,17.523078651685395
686,Jacki,Pickrell,2021-12-22,2,13519.14,6759.57,9.0,False,3,2,3,323,Champions,False,2703.828
681,Harriett,Laflin,2020-02-27,1,123.19,123.19,673.0,True,0,0,0,000,Hibernating,True,0.18277448071216618
361,Sena,Pickersail,2021-08-28,3,14423.31,4807.77,125.0,False,2,2,3,223,Champions,False,343.41214285714284
472,Hercules,MacNamara,2021-06-17,1,8495.61,8495.61,197.0,True,2,0,2,202,Potential Loyalists,False,42.90712121212122
643,Emmanuel,Braven,2020-07-31,1,9236.26,9236.26,518.0,True,0,0,2,002,Potential Loyalists,True,17.79626204238921
537,Curr,Swadon,2021-08-11,1,583.03,583.03,142.0,False,2,0,0,200,Hibernating,False,4.077132867132867
233,Aimee,Cockerill,2021-07-01,1,5833.33,5833.33,183.0,True,2,0,1,201,At Risk Customers,False,31.702880434782607
373,Giordano,Spragge,2021-06-24,2,8994.34,4497.17,190.0,True,2,2,2,222,Potential Loyalists,True,94.18157068062828
252,Jermaine,Chawkley,2020-03-12,1,5649.66,5649.66,659.0,True,0,0,1,001,At Risk Customers,True,8.560090909090908
343,Micheil,Wearing,2021-04-26,1,6902.79,6902.79,249.0,True,2,0,1,201,At Risk Customers,False,27.61116
31,Constantia,Snipe,2020-01-28,1,4750.81,4750.81,703.0,True,0,0,1,001,At Risk Customers,True,6.74830965909091
723,Vivyan,Chapellow,2021-07-17,2,10525.38,5262.69,167.0,False,2,2,3,223,Champions,False,125.30214285714284
497,Kendre,Ply,2021-03-17,3,21134.96,7044.986666666667,289.0,True,1,2,3,123,Champions,True,218.6375172413793
155,Pepe,Iacomo,2021-05-20,1,3587.94,3587.94,225.0,True,2,0,0,200,Hibernating,True,15.875840707964603
722,Devin,Olner,2021-03-28,2,7951.65,3975.825,278.0,True,1,2,2,122,Potential Loyalists,True,57.0010752688172
953,Kris,Impy,2021-08-26,3,12011.79,4003.93,127.0,False,2,2,3,223,Champions,True,281.526328125
609,Kizzee,Tearle,2020-10-23,1,4680.87,4680.87,434.0,True,1,0,1,101,At Risk Customers,True,10.760620689655171
416,Cris,Van der Beek,2021-07-04,2,4999.98,2499.99,180.0,False,2,2,1,221,At Risk Customers,True,55.24839779005524
195,Grannie,Kennham,2020-09-10,1,3049.06,3049.06,477.0,True,1,0,0,100,Hibernating,True,6.37878661087866
199,Ingunna,Stebbings,2021-07-03,1,225.39,225.39,181.0,True,2,0,0,200,Hibernating,True,1.2384065934065935
369,Louie,Hargreves,2021-06-27,2,13199.09,6599.545,187.0,True,2,2,3,223,Champions,False,140.4158510638298
441,Meara,Cyseley,2020-05-02,1,135.25,135.25,608.0,True,0,0,0,000,Hibernating,True,0.22208538587848933
243,Jobey,Jentzsch,2021-11-25,2,5259.62,2629.81,36.0,False,3,2,1,321,At Risk Customers,False,284.3037837837838
902,Benny,Collymore,2021-07-08,3,19233.1,6411.033333333334,176.0,False,2,2,3,223,Champions,False,325.98474576271184
740,Weston,Shalders,2021-02-10,1,9317.57,9317.57,324.0,True,1,0,2,102,Potential Loyalists,True,28.669446153846152
892,My,Shaddick,2020-12-18,1,2836.04,2836.04,378.0,True,1,0,0,100,Hibernating,True,7.4829551451187335
78,Randie,Mewhirter,2021-04-12,2,15051.79,7525.895,263.0,True,2,2,3,223,Champions,True,114.02871212121214
573,Bobette,Stanners,2021-04-25,3,18135.93,6045.31,250.0,True,2,2,3,223,Champions,True,216.76410358565738
994,Pamela,Bosden,2020-08-04,1,9079.99,9079.99,514.0,True,0,0,2,002,Potential Loyalists,True,17.63104854368932
250,Bax,Ummfrey,2021-08-07,2,6326.75,3163.375,146.0,False,2,2,1,221,At Risk Customers,False,86.078231292517
852,Florri,Blayney,2021-12-12,3,20205.61,6735.203333333333,19.0,False,3,2,3,323,Champions,False,3030.8415
106,Luke,Screeton,2020-10-09,1,4535.96,4535.96,448.0,True,1,0,1,101,At Risk Customers,True,10.102360801781737
178,Bartie,Fortune,2021-01-12,1,1142.16,1142.16,353.0,True,1,0,0,100,Hibernating,True,3.226440677966102
585,Neille,Stockney,2021-11-16,1,9330.24,9330.24,45.0,False,3,0,2,302,Potential Loyalists,False,202.83130434782606
934,Ainslee,Pownall,2020-02-02,1,7109.49,7109.49,698.0,True,0,0,1,001,At Risk Customers,True,10.170944206008583
908,Forester,Flukes,2020-11-17,1,8295.08,8295.08,409.0,True,1,0,2,102,Potential Loyalists,True,20.231902439024392
370,Agneta,Checo,2021-11-15,1,6449.42,6449.42,46.0,False,3,0,1,301,At Risk Customers,False,137.22170212765957
448,Chick,Fallows,2021-12-21,1,8893.27,8893.27,10.0,False,3,0,2,302,Potential Loyalists,False,808.4790909090909
930,Barrie,Espino,2021-05-14,1,365.72,365.72,231.0,True,2,0,0,200,Hibernating,True,1.5763793103448276
701,Adriano,Bricket,2020-07-09,1,2308.21,2308.21,540.0,True,0,0,0,000,Hibernating,True,4.266561922365989
132,Dillie,Burman,2021-04-08,1,9699.31,9699.31,267.0,True,2,0,2,202,Potential Loyalists,False,36.191455223880595
514,Katine,Phair,2020-02-28,1,9776.32,9776.32,672.0,True,0,0,2,002,Potential Loyalists,True,14.526478454680534
322,Natalie,Sebring,2021-03-28,1,3171.51,3171.51,278.0,True,1,0,0,100,Hibernating,True,11.367419354838711
863,Nikkie,Asipenko,2021-06-22,2,10082.64,5041.32,192.0,True,2,2,2,222,Potential Loyalists,False,104.48331606217616
114,Valaree,Parkey,2021-03-31,1,2035.08,2035.08,275.0,True,2,0,0,200,Hibernating,True,7.3734782608695655
60,Stirling,Clutton,2021-11-11,3,12473.56,4157.8533333333335,50.0,False,3,2,3,323,Champions,False,733.7388235294118
289,Dorisa,Erskine,2021-05-06,1,7913.76,7913.76,239.0,True,2,0,2,202,Potential Loyalists,False,32.974000000000004
754,Constantin,Schouthede,2021-11-20,3,10250.97,3416.99,41.0,False,3,2,3,323,Champions,False,732.2121428571428
518,Stacie,Huttley,2021-02-28,2,2413.5,1206.75,306.0,True,1,2,0,120,Hibernating,True,15.72312703583062
583,Julietta,Grindall,2020-06-21,1,9132.83,9132.83,558.0,True,0,0,2,002,Potential Loyalists,True,16.337799642218247
65,Uriel,Menicomb,2021-06-05,1,3382.42,3382.42,209.0,True,2,0,0,200,Hibernating,False,16.106761904761907
693,Darb,Rowly,2020-06-19,1,9735.49,9735.49,560.0,True,0,0,2,002,Potential Loyalists,True,17.35381461675579
98,Marillin,Wrey,2020-04-22,3,13035.32,4345.106666666667,618.0,True,0,2,3,023,Champions,True,63.17602584814216
527,Mitzi,Kinnane,2021-12-01,2,13609.71,6804.855,30.0,False,3,2,3,323,Champions,False,878.0458064516129
235,Malcolm,Meriot,2020-09-18,1,6544.88,6544.88,469.0,True,1,0,1,101,At Risk Customers,True,13.92527659574468
763,Jamie,Hearnshaw,2020-06-08,2,6046.17,3023.085,571.0,True,0,2,1,021,At Risk Customers,True,21.140454545454546
627,Kelsey,Westphal,2021-05-25,1,1257.62,1257.62,220.0,True,2,0,0,200,Hibernating,True,5.6905882352941175
306,Harris,Deme,2020-05-25,1,1342.92,1342.92,585.0,True,0,0,0,000,Hibernating,True,2.2916723549488056
376,Florella,Mabone,2020-07-21,3,21272.09,7090.696666666667,528.0,True,0,2,3,023,Champions,True,120.63567107750474
147,Barrett,Blanking,2020-09-15,1,9229.08,9229.08,472.0,True,1,0,2,102,Potential Loyalists,True,19.511797040169135
480,Issie,Branston,2020-07-17,1,2793.38,2793.38,532.0,True,0,0,0,000,Hibernating,True,5.240863039399625
860,Melva,Bagby,2021-09-16,1,5108.6,5108.6,106.0,False,3,0,1,301,At Risk Customers,False,47.74392523364486
358,Arnie,Sayse,2020-10-27,1,5942.77,5942.77,430.0,True,1,0,1,101,At Risk Customers,True,13.78832946635731
412,Arlette,Borsi,2021-10-05,3,12000.45,4000.15,87.0,False,3,2,3,323,Champions,False,409.10625
950,Sheba,Piotrkowski,2021-01-20,1,6952.96,6952.96,345.0,True,1,0,1,101,At Risk Customers,True,20.095260115606937
535,Bird,Brewood,2020-03-01,1,8412.45,8412.45,670.0,True,0,0,2,002,Potential Loyalists,True,12.537183308494784
642,Wanda,Gregorin,2020-04-29,1,6090.43,6090.43,611.0,True,0,0,1,001,At Risk Customers,True,9.951683006535948
131,Anatole,Antosik,2020-08-03,1,6638.59,6638.59,515.0,True,0,0,1,001,At Risk Customers,True,12.865484496124031
310,Zelda,Choppen,2021-06-22,1,2424.27,2424.27,192.0,True,2,0,0,200,Hibernating,False,12.56098445595855
832,Tansy,Barthelmes,2021-12-01,3,11202.36,3734.12,30.0,False,3,2,3,323,Champions,False,1084.0993548387098
907,Neda,Reedie,2020-12-18,1,7958.14,7958.14,378.0,True,1,0,2,102,Potential Loyalists,True,20.997730870712402
746,Kayne,Bigley,2021-04-04,1,1213.86,1213.86,271.0,True,2,0,0,200,Hibernating,True,4.462720588235293
806,Kenny,Parris,2021-12-10,2,7936.13,3968.065,21.0,False,3,2,2,322,Potential Loyalists,False,721.4663636363637
353,Loella,Teenan,2021-09-26,1,6340.27,6340.27,96.0,False,3,0,1,301,At Risk Customers,False,65.36360824742269
834,Giovanna,Banisch,2021-06-05,2,3450.02,1725.01,209.0,True,2,2,0,220,Hibernating,True,32.85733333333334
831,Molli,Priestland,2020-04-14,1,7792.81,7792.81,626.0,True,0,0,2,002,Potential Loyalists,True,12.42872408293461
574,Yuri,Steketee,2021-08-12,1,4970.78,4970.78,141.0,False,2,0,1,201,At Risk Customers,False,35.005492957746476
225,Heida,Reeme,2020-04-24,1,9986.82,9986.82,616.0,True,0,0,2,002,Potential Loyalists,True,16.18609400324149
333,Romy,Longhorne,2021-09-20,1,9232.12,9232.12,102.0,False,3,0,2,302,Potential Loyalists,False,89.63223300970874
174,Clementia,Ramm,2021-03-14,1,8508.54,8508.54,292.0,True,1,0,2,102,Potential Loyalists,True,29.039385665529014
45,Randene,Steenson,2021-09-09,1,6848.52,6848.52,113.0,False,3,0,1,301,At Risk Customers,False,60.07473684210527
918,Mira,Tuley,2020-09-16,1,7471.62,7471.62,471.0,True,1,0,2,102,Potential Loyalists,True,15.829703389830508
36,Waylon,Playden,2020-08-30,3,11391.29,3797.096666666667,488.0,True,1,2,3,123,Champions,True,69.88521472392638
102,Leigh,Lealle,2021-10-25,4,18777.71,4694.4275,67.0,False,3,2,3,323,Champions,False,1104.5711764705882
533,Heddi,Neller,2021-03-24,2,7368.09,3684.045,282.0,True,1,2,2,122,Potential Loyalists,True,52.0713074204947
915,Thorn,McCheyne,2021-12-21,1,6719.39,6719.39,10.0,False,3,0,1,301,At Risk Customers,False,610.8536363636364
459,Othilie,Indruch,2021-02-04,2,11862.53,5931.265,330.0,True,1,2,3,123,Champions,True,71.67691842900302
207,Jessee,Fenkel,2020-02-01,1,435.03,435.03,699.0,True,0,0,0,000,Hibernating,True,0.6214714285714286
979,Katinka,Dulwich,2020-03-03,1,5898.35,5898.35,668.0,True,0,0,1,001,At Risk Customers,True,8.816666666666668
881,Baily,Szymanek,2020-07-23,1,3724.65,3724.65,526.0,True,0,0,1,001,At Risk Customers,True,7.06764705882353
385,Karee,MacCaughey,2021-07-18,3,20963.9,6987.966666666666,166.0,False,2,2,3,223,Champions,False,376.59700598802397
492,Kenneth,Bembrigg,2021-03-27,1,3767.76,3767.76,279.0,True,1,0,1,101,At Risk Customers,True,13.456285714285714
544,Valentijn,Le Friec,2020-01-24,1,7223.39,7223.39,707.0,True,0,0,1,001,At Risk Customers,True,10.202528248587571
365,Bob,Obee,2020-11-04,1,6969.16,6969.16,422.0,True,1,0,1,101,At Risk Customers,True,16.475555555555555
157,Dougie,Seabrook,2021-01-14,2,14992.1,7496.05,351.0,True,1,2,3,123,Champions,True,85.18238636363637
618,Burtie,Pinckney,2021-05-07,4,19877.63,4969.4075,238.0,True,2,2,3,223,Champions,True,332.68
880,Wright,Churchouse,2021-12-30,1,7674.04,7674.04,1.0,False,3,0,2,302,Potential Loyalists,False,3837.02
313,Stern,Godfray,2021-09-06,5,34147.36,6829.472,116.0,False,3,2,3,323,Champions,False,1459.288888888889
140,Vitoria,Cason,2021-12-13,3,16625.6,5541.866666666667,18.0,False,3,2,3,323,Champions,False,2625.094736842105
208,Hamil,Crotty,2021-06-19,4,16696.55,4174.1375,195.0,True,2,2,3,223,Champions,True,340.7459183673469
614,Myrta,Mattheeuw,2021-08-03,2,11789.01,5894.505,150.0,False,2,2,3,223,Champions,False,156.14582781456954
392,Kaylee,Sheraton,2021-12-22,2,13609.36,6804.68,9.0,False,3,2,3,323,Champions,False,2721.8720000000003
191,Vaughn,Genty,2021-08-18,1,5101.72,5101.72,135.0,False,2,0,1,201,At Risk Customers,False,37.51264705882353
966,Igor,Shillan,2021-06-09,2,11761.02,5880.51,205.0,True,2,2,3,223,Champions,False,114.18466019417475
218,Maribelle,Tomkys,2021-12-19,1,726.99,726.99,12.0,False,3,0,0,300,Hibernating,False,55.9223076923077
671,Kathryne,Tessington,2020-12-20,1,7347.33,7347.33,376.0,True,1,0,2,102,Potential Loyalists,True,19.48893899204244
580,Denys,Greve,2020-06-27,1,2002.24,2002.24,552.0,True,0,0,0,000,Hibernating,True,3.6206871609403253
742,Lelia,Cathro,2020-07-11,1,6973.13,6973.13,538.0,True,0,0,1,001,At Risk Customers,True,12.937161410018554
912,Isabelita,Tattershall,2021-11-13,1,7641.07,7641.07,48.0,False,3,0,2,302,Potential Loyalists,False,155.94020408163263
846,Isaiah,Walcot,2020-10-02,1,5015.05,5015.05,455.0,True,1,0,1,101,At Risk Customers,True,10.997916666666667
938,Pedro,Franzini,2021-06-24,3,14031.92,4677.306666666666,190.0,True,2,2,3,223,Champions,True,220.39664921465967
184,Viva,Beche,2021-12-01,4,24082.84,6020.71,30.0,False,3,2,3,323,Champions,False,3107.4632258064516
753,Enrichetta,Yaknov,2021-05-02,3,21739.78,7246.593333333333,243.0,True,2,2,3,223,Champions,True,267.2923770491803
477,Saidee,Chesshyre,2020-03-09,1,1809.02,1809.02,662.0,True,0,0,0,000,Hibernating,True,2.728536953242836
550,Skye,Arnhold,2021-02-06,1,8214.94,8214.94,328.0,True,1,0,2,102,Potential Loyalists,True,24.96942249240122
781,Jerad,Posse,2020-06-01,1,2891.94,2891.94,578.0,True,0,0,0,000,Hibernating,True,4.994715025906736
190,Lezlie,Highway,2021-09-24,1,6257.61,6257.61,98.0,False,3,0,1,301,At Risk Customers,False,63.20818181818182
554,Orlando,Joskovitch,2020-06-22,1,367.35,367.35,557.0,True,0,0,0,000,Hibernating,True,0.6583333333333333
670,Dasya,Arbon,2021-02-25,2,8300.54,4150.27,309.0,True,1,2,2,122,Potential Loyalists,True,53.55187096774194
309,Cecil,Souza,2021-02-28,1,9933.53,9933.53,306.0,True,1,0,2,102,Potential Loyalists,True,32.356775244299676
849,Howard,Kelley,2021-11-24,2,12297.91,6148.955,37.0,False,3,2,3,323,Champions,False,647.2584210526315
919,Larine,Antonietti,2021-03-10,1,6720.91,6720.91,296.0,True,1,0,1,101,At Risk Customers,True,22.629326599326596
156,Nester,Stiell,2020-11-03,2,6617.19,3308.595,423.0,True,1,2,1,121,At Risk Customers,True,31.213160377358488
641,Melvyn,Tomkowicz,2021-05-16,1,8914.39,8914.39,229.0,True,2,0,2,202,Potential Loyalists,False,38.75821739130435
475,Corissa,Featherston,2020-03-16,1,858.85,858.85,655.0,True,0,0,0,000,Hibernating,True,1.3092225609756099
282,Rikki,Janowicz,2021-02-07,2,5666.96,2833.48,327.0,True,1,2,1,121,At Risk Customers,True,34.55463414634146
269,Ewell,Tottie,2021-07-28,3,13892.66,4630.886666666666,156.0,False,2,2,3,223,Champions,True,265.4648407643312
733,Baxy,Scholar,2020-12-07,1,1922.24,1922.24,389.0,True,1,0,0,100,Hibernating,True,4.928820512820513
261,Tiff,Baudoux,2021-02-04,1,8490.84,8490.84,330.0,True,1,0,2,102,Potential Loyalists,True,25.652084592145016
502,Ania,Castlake,2021-12-04,3,18564.5,6188.166666666667,27.0,False,3,2,3,323,Champions,False,1989.0535714285713
117,Riley,Crome,2021-07-04,2,10528.05,5264.025,180.0,False,2,2,3,223,Champions,False,116.33204419889502
125,Hillary,Cacacie,2021-06-29,2,9808.82,4904.41,185.0,True,2,2,2,222,Potential Loyalists,False,105.47118279569894
700,Margie,Wind,2020-01-22,1,6430.59,6430.59,709.0,True,0,0,1,001,At Risk Customers,True,9.057169014084508
43,Breanne,Hanson,2020-02-14,1,6316.23,6316.23,686.0,True,0,0,1,001,At Risk Customers,True,9.193930131004366
587,Irita,Benmore,2021-06-30,2,10301.33,5150.665,184.0,True,2,2,3,223,Champions,False,111.36572972972974
187,Cathee,Skate,2021-10-11,3,10857.91,3619.3033333333333,81.0,False,3,2,3,323,Champions,False,397.2406097560975
914,Bond,Hallihan,2021-05-19,2,15217.94,7608.97,226.0,True,2,2,3,223,Champions,False,134.0787665198238
506,Kristofer,Godsmark,2020-11-30,1,5072.57,5072.57,396.0,True,1,0,1,101,At Risk Customers,True,12.777254408060452
331,Marmaduke,Benettelli,2020-08-17,1,1795.76,1795.76,501.0,True,0,0,0,000,Hibernating,True,3.5772111553784858
913,Lucretia,Gaynes,2021-08-21,3,18625.9,6208.633333333333,132.0,False,2,2,3,223,Champions,False,420.1330827067669
677,Celestine,Warrell,2021-08-04,2,10650.41,5325.205,149.0,False,2,2,3,223,Champions,False,142.00546666666668
29,Gabriel,Tender,2021-07-08,2,12793.12,6396.56,176.0,False,2,2,3,223,Champions,False,144.55502824858758
466,Kellsie,Wardell,2021-07-29,1,6565.87,6565.87,155.0,False,2,0,1,201,At Risk Customers,False,42.08891025641025
844,Olvan,Deal,2020-01-03,1,4179.17,4179.17,728.0,True,0,0,1,001,At Risk Customers,True,5.732743484224965
631,Krystle,Redwing,2021-08-31,3,15656.58,5218.86,122.0,False,2,2,3,223,Champions,False,381.8678048780488
107,Anders,D'Enrico,2021-12-05,3,17273.83,5757.943333333334,26.0,False,3,2,3,323,Champions,False,1919.3144444444445
446,Aldridge,Whoolehan,2021-06-21,1,2206.84,2206.84,193.0,True,2,0,0,200,Hibernating,False,11.375463917525774
86,Shanna,Webland,2020-02-13,1,7957.79,7957.79,687.0,True,0,0,2,002,Potential Loyalists,True,11.566555232558139
920,Cosimo,Beadnell,2021-01-12,1,558.85,558.85,353.0,True,1,0,0,100,Hibernating,True,1.578672316384181
219,Karleen,Harsnep,2021-12-19,2,7084.87,3542.435,12.0,False,3,2,1,321,At Risk Customers,False,1089.98
66,Cristobal,Sandaver,2020-04-11,1,7113.0,7113.0,629.0,True,0,0,1,001,At Risk Customers,True,11.290476190476191
340,Duky,Cullum,2020-08-30,3,17777.03,5925.676666666666,488.0,True,1,2,3,123,Champions,True,109.06153374233128
873,Leonid,Pendergrast,2020-08-31,1,2063.75,2063.75,487.0,True,1,0,0,100,Hibernating,True,4.228995901639345
523,Sean,Balsom,2020-08-13,1,6840.1,6840.1,505.0,True,0,0,1,001,At Risk Customers,True,13.51798418972332
458,Rance,Slimmon,2020-01-05,1,9085.89,9085.89,726.0,True,0,0,2,002,Potential Loyalists,True,12.497785419532324
414,Angelique,Edwick,2021-05-15,1,8170.89,8170.89,230.0,True,2,0,2,202,Potential Loyalists,False,35.371818181818185
368,Laetitia,Bertie,2021-12-02,3,22440.66,7480.22,29.0,False,3,2,3,323,Champions,False,2244.0660000000003
166,Caryn,Goulston,2021-08-30,1,9280.39,9280.39,123.0,False,2,0,2,202,Potential Loyalists,False,74.84185483870966
538,Nevins,Senchenko,2021-12-15,1,607.01,607.01,16.0,False,3,0,0,300,Hibernating,False,35.70647058823529
595,Nate,Vest,2021-11-29,1,8430.27,8430.27,32.0,False,3,0,2,302,Potential Loyalists,False,255.4627272727273
142,Justis,Lindfors,2020-06-05,1,7906.97,7906.97,574.0,True,0,0,2,002,Potential Loyalists,True,13.751252173913045
410,Tamma,Breeze,2020-01-07,1,5228.34,5228.34,724.0,True,0,0,1,001,At Risk Customers,True,7.211503448275861
872,Vincenz,Simonds,2021-12-25,2,7481.29,3740.645,6.0,False,3,2,2,322,Potential Loyalists,False,2137.5114285714285
792,Tulley,Kingscott,2020-06-11,1,6109.03,6109.03,568.0,True,0,0,1,001,At Risk Customers,True,10.736432337434094
896,Ardis,De Meis,2021-07-11,3,9195.44,3065.1466666666665,173.0,False,2,2,2,222,Potential Loyalists,True,158.54206896551725
651,Catlin,Prestner,2020-05-30,1,6924.08,6924.08,580.0,True,0,0,1,001,At Risk Customers,True,11.917521514629948
381,Lorin,Kix,2021-02-10,1,2683.59,2683.59,324.0,True,1,0,0,100,Hibernating,True,8.257200000000001
38,Yehudit,Avon,2021-11-16,1,2897.56,2897.56,45.0,False,3,0,0,300,Hibernating,False,62.990434782608695
359,Thurston,Botterman,2020-08-13,1,8532.15,8532.15,505.0,True,0,0,2,002,Potential Loyalists,True,16.861956521739128
730,Genovera,de Glanville,2020-03-20,1,138.11,138.11,651.0,True,0,0,0,000,Hibernating,True,0.21182515337423316
548,Devondra,Jobling,2021-01-17,1,3849.48,3849.48,348.0,True,1,0,1,101,At Risk Customers,True,11.030028653295128
217,Micah,Herrema,2021-09-06,1,2314.1,2314.1,116.0,False,3,0,0,300,Hibernating,False,19.77863247863248
47,Fidole,Mussard,2020-02-11,1,2028.49,2028.49,689.0,True,0,0,0,000,Hibernating,True,2.939840579710145
177,Paten,Lapree,2021-09-10,1,9074.92,9074.92,112.0,False,3,0,2,302,Potential Loyalists,False,80.30902654867256
886,Brigitta,Hussey,2021-12-23,2,6380.94,3190.47,8.0,False,3,2,1,321,At Risk Customers,False,1417.9866666666665
727,Murielle,Stammirs,2020-12-27,2,10652.77,5326.385,369.0,True,1,2,3,123,Champions,True,57.58254054054055
810,Emanuel,Bolgar,2021-10-11,3,20698.79,6899.596666666666,81.0,False,3,2,3,323,Champions,False,757.2728048780488
779,Niel,Pleasance,2021-01-26,2,6327.89,3163.945,339.0,True,1,2,1,121,At Risk Customers,True,37.22288235294118
931,Cybill,Habbijam,2021-07-27,3,20913.39,6971.13,157.0,False,2,2,3,223,Champions,False,397.0896835443038
718,Callida,Pol,2021-07-14,1,592.31,592.31,170.0,False,2,0,0,200,Hibernating,False,3.4638011695906425
485,Marshall,Maunders,2021-03-16,2,8765.88,4382.94,290.0,True,1,2,2,122,Potential Loyalists,True,60.246597938144326
623,Josi,Mucklo,2021-07-12,1,856.34,856.34,172.0,False,2,0,0,200,Hibernating,False,4.949942196531792
559,Nelly,Mogra,2021-08-15,4,28976.94,7244.235,138.0,False,2,2,3,223,Champions,False,833.8687769784173
304,Josepha,Alywin,2021-09-26,1,2204.04,2204.04,96.0,False,3,0,0,300,Hibernating,False,22.722061855670102
788,Keefer,Townby,2020-08-16,2,16657.05,8328.525,502.0,True,0,2,3,023,Champions,True,66.23081510934392
633,Hyacinthia,Dries,2020-03-01,1,3352.99,3352.99,670.0,True,0,0,0,000,Hibernating,True,4.997004470938897
900,Aloisia,Dewar,2021-01-26,1,2673.3,2673.3,339.0,True,1,0,0,100,Hibernating,True,7.86264705882353
405,Dulcinea,McGaughay,2020-06-22,1,5788.68,5788.68,557.0,True,0,0,1,001,At Risk Customers,True,10.373978494623657
762,Nancey,Choke,2020-02-24,1,4118.92,4118.92,676.0,True,0,0,1,001,At Risk Customers,True,6.084076809453472
996,Harry,Piechnik,2020-08-03,3,15437.27,5145.756666666667,515.0,True,0,2,3,023,Champions,True,89.75156976744186
192,Sigismond,Filippazzo,2021-08-03,2,8643.05,4321.525,150.0,False,2,2,2,222,Potential Loyalists,False,114.47748344370859
473,Carey,Oneile,2021-07-28,2,10694.88,5347.44,156.0,False,2,2,3,223,Champions,False,136.24050955414012
878,Tony,Rampling,2020-07-05,1,2188.65,2188.65,544.0,True,0,0,0,000,Hibernating,True,4.015871559633028
375,Valry,Bradnock,2020-08-13,1,4385.47,4385.47,505.0,True,0,0,1,001,At Risk Customers,True,8.66693675889328
983,Abbe,Pagen,2021-04-07,1,1616.79,1616.79,268.0,True,2,0,0,200,Hibernating,True,6.010371747211895
415,Millicent,Arrundale,2020-06-14,1,194.58,194.58,565.0,True,0,0,0,000,Hibernating,True,0.3437809187279152
976,Reinold,Konmann,2021-06-06,1,1753.04,1753.04,208.0,True,2,0,0,200,Hibernating,True,8.387751196172248
408,Bette,Coupland,2021-04-10,1,9621.26,9621.26,265.0,True,2,0,2,202,Potential Loyalists,False,36.17015037593985
680,Leopold,Brevetor,2020-12-14,3,17811.81,5937.27,382.0,True,1,2,3,123,Champions,True,139.51809399477807
689,Fidela,Scrauniage,2021-09-14,1,245.6,245.6,108.0,False,3,0,0,300,Hibernating,False,2.253211009174312
982,Legra,Maw,2021-12-23,2,8489.79,4244.895,8.0,False,3,2,2,322,Potential Loyalists,False,1886.6200000000001
522,Hamlen,Sedwick,2021-08-30,2,8021.0,4010.5,123.0,False,2,2,2,222,Potential Loyalists,False,129.3709677419355
11,Marty,Slorance,2020-05-16,1,2129.73,2129.73,594.0,True,0,0,0,000,Hibernating,True,3.5793781512605043
630,Barbra,Wrathall,2021-07-21,1,7868.59,7868.59,163.0,False,2,0,2,202,Potential Loyalists,False,47.979207317073175
575,Scotti,Camelin,2020-07-13,1,147.64,147.64,536.0,True,0,0,0,000,Hibernating,True,0.27493482309124767
821,Shirline,Bittleson,2020-11-16,1,8056.9,8056.9,410.0,True,1,0,2,102,Potential Loyalists,True,19.60316301703163
401,Leeland,McGillivray,2020-12-26,2,18795.04,9397.52,370.0,True,1,2,3,123,Champions,True,101.32097035040432
659,Esmaria,Sea,2021-11-10,3,23998.2,7999.4,51.0,False,3,2,3,323,Champions,False,1384.5115384615385
279,Dex,Egleton,2020-10-15,1,5641.6,5641.6,442.0,True,1,0,1,101,At Risk Customers,True,12.734988713318284
903,Johnna,Carletto,2021-04-02,1,4758.3,4758.3,273.0,True,2,0,1,201,At Risk Customers,True,17.366058394160586
741,Udale,Clipston,2021-05-24,3,13816.24,4605.413333333333,221.0,True,2,2,3,223,Champions,True,186.70594594594596
897,Hart,Trevett,2021-03-15,1,1393.48,1393.48,291.0,True,1,0,0,100,Hibernating,True,4.772191780821918
736,Persis,Basnett,2021-12-07,2,9008.65,4504.325,24.0,False,3,2,2,322,Potential Loyalists,False,720.692
565,Rahel,Elderfield,2020-08-07,1,6072.63,6072.63,511.0,True,0,0,1,001,At Risk Customers,True,11.86060546875
457,Lulita,Knoles,2021-09-14,1,2538.35,2538.35,108.0,False,3,0,0,300,Hibernating,False,23.287614678899082
281,Nickie,Hounson,2020-12-02,2,10381.08,5190.54,394.0,True,1,2,3,123,Champions,True,52.562430379746836
687,Stearne,Broose,2021-04-18,1,4437.88,4437.88,257.0,True,2,0,1,201,At Risk Customers,True,17.20108527131783
553,Rachele,Riedel,2020-07-12,2,8880.59,4440.295,537.0,True,0,2,2,022,Potential Loyalists,True,33.01334572490706
302,Tawnya,Marlor,2020-10-04,1,640.09,640.09,453.0,True,1,0,0,100,Hibernating,True,1.4098898678414098
21,Emelen,Febre,2020-05-16,1,3105.31,3105.31,594.0,True,0,0,0,000,Hibernating,True,5.219008403361345
927,Stace,Swale,2021-11-26,2,15893.88,7946.94,35.0,False,3,2,3,323,Champions,False,882.9933333333332
774,Abbe,Trays,2021-11-27,2,12763.79,6381.895,34.0,False,3,2,3,323,Champions,False,729.3594285714286
165,Hilda,Woolatt,2021-06-29,2,11534.99,5767.495,185.0,True,2,2,3,223,Champions,False,124.03215053763442
151,Quinn,Bowne,2020-11-22,1,6843.62,6843.62,404.0,True,1,0,1,101,At Risk Customers,True,16.897827160493826
992,Janot,Lamborn,2021-11-19,1,9475.05,9475.05,42.0,False,3,0,2,302,Potential Loyalists,False,220.34999999999997
620,Brook,Ruppeli,2021-01-30,1,3992.13,3992.13,335.0,True,1,0,1,101,At Risk Customers,True,11.881339285714285
245,Dicky,Brunnen,2020-05-04,1,5215.0,5215.0,606.0,True,0,0,1,001,At Risk Customers,True,8.591433278418451
205,Bevvy,Cowpe,2021-12-16,2,15552.05,7776.025,15.0,False,3,2,3,323,Champions,False,1944.00625
325,Traci,Camber,2021-01-07,2,4822.14,2411.07,358.0,True,1,2,1,121,At Risk Customers,True,26.864289693593317
895,Quinta,Palatini,2021-10-06,2,14498.27,7249.135,86.0,False,3,2,3,323,Champions,False,333.29356321839083
484,Gerek,Carabet,2020-12-23,1,6574.87,6574.87,373.0,True,1,0,1,101,At Risk Customers,True,17.579866310160426
144,Biron,Lambis,2021-08-02,1,8465.13,8465.13,151.0,False,2,0,2,202,Potential Loyalists,False,55.6916447368421
168,Ches,Smiths,2021-11-14,3,20542.4,6847.466666666666,47.0,False,3,2,3,323,Champions,False,1283.9
471,Hugibert,Bagguley,2021-03-15,1,601.55,601.55,291.0,True,1,0,0,100,Hibernating,True,2.060102739726027
287,Arabella,Lorkins,2021-08-15,1,9953.46,9953.46,138.0,False,2,0,2,202,Potential Loyalists,False,71.60762589928058
167,Maxy,Bolden,2020-01-23,1,1676.33,1676.33,708.0,True,0,0,0,000,Hibernating,True,2.3643582510578276
277,Dani,Bramsen,2021-05-11,2,8893.29,4446.645,234.0,True,2,2,2,222,Potential Loyalists,True,75.68757446808512
300,Ardith,Pimlott,2021-07-30,1,2997.65,2997.65,154.0,False,2,0,0,200,Hibernating,False,19.33967741935484
342,Kala,Kumaar,2020-08-10,1,9115.65,9115.65,508.0,True,0,0,2,002,Potential Loyalists,True,17.90893909626719
367,Cathee,Lemmers,2021-12-12,3,22066.25,7355.416666666667,19.0,False,3,2,3,323,Champions,False,3309.9375
588,Hunter,Hallen,2021-03-23,1,5173.65,5173.65,283.0,True,1,0,1,101,At Risk Customers,True,18.21707746478873
439,Tabina,Grassick,2021-06-17,1,1841.84,1841.84,197.0,True,2,0,0,200,Hibernating,True,9.302222222222223
586,Esther,Mayou,2020-09-20,1,487.38,487.38,467.0,True,1,0,0,100,Hibernating,True,1.0414102564102565
53,Lizzie,Taill,2020-12-20,1,7137.84,7137.84,376.0,True,1,0,1,101,At Risk Customers,True,18.933262599469497
32,Brian,Stedell,2021-12-25,2,7947.88,3973.94,6.0,False,3,2,2,322,Potential Loyalists,False,2270.822857142857
572,Ransom,De Cruze,2020-06-19,2,7315.44,3657.72,560.0,True,0,2,2,022,Potential Loyalists,True,26.08
336,Carmencita,McKennan,2021-04-04,5,18086.12,3617.224,271.0,True,2,2,3,223,Champions,True,332.46544117647056
275,Cecilius,Tuckwood,2021-12-13,2,14850.14,7425.07,18.0,False,3,2,3,323,Champions,False,1563.1726315789472
247,Mariellen,Handley,2020-09-04,1,1457.27,1457.27,483.0,True,1,0,0,100,Hibernating,True,3.010888429752066
260,Beltran,Domm,2020-02-25,1,9402.97,9402.97,675.0,True,0,0,2,002,Potential Loyalists,True,13.909718934911242
423,Cathrine,Pogg,2021-12-26,1,304.92,304.92,5.0,False,3,0,0,300,Hibernating,False,50.82
136,Hervey,Bailes,2021-12-11,2,2944.0,1472.0,20.0,False,3,2,0,320,Hibernating,False,280.38095238095235
139,Ayn,Epinay,2021-06-26,1,3773.87,3773.87,188.0,True,2,0,1,201,At Risk Customers,False,19.967566137566134
411,Quinn,Gobel,2021-08-11,3,19149.49,6383.163333333333,142.0,False,2,2,3,223,Champions,False,401.7375524475525
869,Lindi,Seymer,2020-07-30,1,7423.49,7423.49,519.0,True,0,0,2,002,Potential Loyalists,True,14.275942307692308
425,Eli,Kesper,2020-03-24,1,421.98,421.98,647.0,True,0,0,0,000,Hibernating,True,0.6512037037037037
864,Heriberto,Daniel,2020-09-10,1,2376.09,2376.09,477.0,True,1,0,0,100,Hibernating,True,4.970899581589958
316,Bunny,Byrch,2020-11-26,1,7534.43,7534.43,400.0,True,1,0,2,102,Potential Loyalists,True,18.789102244389028
731,Glyn,Sineath,2021-08-26,2,16407.73,8203.865,127.0,False,2,2,3,223,Champions,False,256.37078125
256,Roslyn,Handslip,2021-11-22,3,13880.31,4626.77,39.0,False,3,2,3,323,Champions,False,1041.02325
654,Lanae,Rudeforth,2020-01-10,1,7399.74,7399.74,721.0,True,0,0,2,002,Potential Loyalists,True,10.248947368421053
332,Loralyn,Noteyoung,2021-08-31,2,14756.3,7378.15,122.0,False,2,2,3,223,Champions,False,239.939837398374
33,Justinn,Dick,2021-06-20,1,2136.39,2136.39,194.0,True,2,0,0,200,Hibernating,True,10.955846153846153
549,Marian,Crocetto,2021-09-07,1,5228.51,5228.51,115.0,False,3,0,1,301,At Risk Customers,False,45.073362068965515
185,Tess,Swannick,2021-12-16,1,8153.02,8153.02,15.0,False,3,0,2,302,Potential Loyalists,False,509.56375
380,Trueman,Storrier,2020-11-24,2,4135.42,2067.71,402.0,True,1,2,1,121,At Risk Customers,True,20.52317617866005
130,Cassi,Kerby,2021-10-04,1,5491.36,5491.36,88.0,False,3,0,1,301,At Risk Customers,False,61.70067415730337
23,Daryl,Higgoe,2020-10-21,1,9933.03,9933.03,436.0,True,1,0,2,102,Potential Loyalists,True,22.73004576659039
486,Pauline,Baggally,2021-06-08,1,6709.2,6709.2,206.0,True,2,0,1,201,At Risk Customers,False,32.41159420289855
625,Douglas,Kilroy,2020-01-02,1,6725.92,6725.92,729.0,True,0,0,1,001,At Risk Customers,True,9.21358904109589
552,Jackie,Snashall,2021-04-22,1,9641.18,9641.18,253.0,True,2,0,2,202,Potential Loyalists,False,37.95740157480315
959,Kelcie,Phoenix,2020-05-01,1,2896.96,2896.96,609.0,True,0,0,0,000,Hibernating,True,4.749114754098361
386,Neale,Cattanach,2021-12-08,1,2900.65,2900.65,23.0,False,3,0,0,300,Hibernating,False,120.86041666666667
426,Guthry,Brickett,2020-09-02,1,1153.73,1153.73,485.0,True,1,0,0,100,Hibernating,True,2.3739300411522635
169,Wayne,Muff,2021-10-10,1,8797.32,8797.32,82.0,False,3,0,2,302,Potential Loyalists,False,105.99180722891566
345,Lucky,Cage,2020-01-31,1,870.72,870.72,700.0,True,0,0,0,000,Hibernating,True,1.242111269614836
92,Corey,Bracchi,2021-12-21,3,18115.92,6038.64,10.0,False,3,2,3,323,Champions,False,4940.705454545454
971,Mallory,Ayscough,2021-05-09,1,8774.24,8774.24,236.0,True,2,0,2,202,Potential Loyalists,False,37.022109704641345
660,Peadar,Rapps,2020-10-16,1,9038.51,9038.51,441.0,True,1,0,2,102,Potential Loyalists,True,20.449117647058827
437,Sisile,Westley,2021-03-06,1,1177.12,1177.12,300.0,True,1,0,0,100,Hibernating,True,3.9106976744186044
957,Dianemarie,Showt,2021-08-01,3,21502.8,7167.6,152.0,False,2,2,3,223,Champions,False,421.6235294117647
998,Edgardo,Landes,2021-07-10,3,26887.86,8962.62,174.0,False,2,2,3,223,Champions,False,460.9347428571429
197,Darcy,Renault,2021-12-11,1,4323.36,4323.36,20.0,False,3,0,1,301,At Risk Customers,False,205.8742857142857
135,Hercules,Mobbs,2020-06-15,1,7660.99,7660.99,564.0,True,0,0,2,002,Potential Loyalists,True,13.559274336283185
707,Chico,Burlingham,2020-04-03,3,8982.27,2994.09,637.0,True,0,2,2,022,Potential Loyalists,True,42.23637931034483
454,Liesa,Ninnotti,2020-03-29,1,9671.83,9671.83,642.0,True,0,0,2,002,Potential Loyalists,True,15.041726283048211
759,Matias,McCague,2020-04-11,1,2126.32,2126.32,629.0,True,0,0,0,000,Hibernating,True,3.3751111111111114
879,Adriane,McCreary,2021-11-03,1,1538.9,1538.9,58.0,False,3,0,0,300,Hibernating,False,26.083050847457628
482,Kalina,Penwell,2021-01-12,2,4959.33,2479.665,353.0,True,1,2,1,121,At Risk Customers,True,28.018813559322034
311,Dean,Gibke,2021-06-26,2,14499.03,7249.515,188.0,True,2,2,3,223,Champions,False,153.42888888888888
73,Carlie,Halladey,2021-01-28,2,11045.16,5522.58,337.0,True,1,2,3,123,Champions,True,65.35597633136095
103,Sherie,Kift,2020-02-28,1,173.35,173.35,672.0,True,0,0,0,000,Hibernating,True,0.2575780089153046
875,Jemima,Castagne,2020-01-29,1,7006.78,7006.78,702.0,True,0,0,1,001,At Risk Customers,True,9.96697012802276
121,Bobinette,Matchett,2021-12-23,2,3133.09,1566.545,8.0,False,3,2,0,320,Hibernating,False,696.2422222222223
239,Shadow,Goggey,2020-01-02,1,324.59,324.59,729.0,True,0,0,0,000,Hibernating,True,0.44464383561643833
561,Demeter,Mauvin,2021-01-15,1,8124.56,8124.56,350.0,True,1,0,2,102,Potential Loyalists,True,23.14689458689459
755,Alphard,Garvin,2020-12-02,2,12047.49,6023.745,394.0,True,1,2,3,123,Champions,True,60.99994936708861
196,Gweneth,Alldis,2021-04-12,1,6139.2,6139.2,263.0,True,2,0,1,201,At Risk Customers,True,23.254545454545454
291,Freida,Rome,2021-06-20,1,3728.11,3728.11,194.0,True,2,0,1,201,At Risk Customers,False,19.11851282051282
15,Kora,Womack,2021-09-04,1,8303.3,8303.3,118.0,False,3,0,2,302,Potential Loyalists,False,69.77563025210083
842,Mendy,Geffen,2021-02-26,5,33421.16,6684.232,308.0,True,1,2,3,123,Champions,True,540.7954692556634
61,Clyve,Daymond,2021-03-01,2,12491.6,6245.8,305.0,True,1,2,3,123,Champions,True,81.64444444444445
691,Leland,McCleod,2020-05-22,1,8451.53,8451.53,588.0,True,0,0,2,002,Potential Loyalists,True,14.348947368421053
697,Willy,Juett,2021-09-07,1,3086.55,3086.55,115.0,False,3,0,0,300,Hibernating,False,26.608189655172414
251,Ellen,Yeo,2020-06-17,1,4315.72,4315.72,562.0,True,0,0,1,001,At Risk Customers,True,7.665577264653642
705,Wiatt,Jozefowicz,2021-01-01,1,82.55,82.55,364.0,True,1,0,0,100,Hibernating,True,0.22616438356164384
104,Camey,Emmines,2020-05-31,1,791.92,791.92,579.0,True,0,0,0,000,Hibernating,True,1.3653793103448275
397,Antonella,Lightbown,2020-12-13,1,1599.32,1599.32,383.0,True,1,0,0,100,Hibernating,True,4.164895833333333
427,Ara,Lopez,2021-09-28,2,11755.95,5877.975,94.0,False,3,2,3,323,Champions,False,247.49368421052634
604,Brittaney,Devonport,2020-04-27,2,13270.39,6635.195,613.0,True,0,2,3,023,Champions,True,43.22602605863192
347,Mirabella,Woodier,2021-09-11,1,4355.74,4355.74,111.0,False,3,0,1,301,At Risk Customers,False,38.89053571428571
179,Howard,McWilliams,2021-02-23,1,2783.04,2783.04,311.0,True,1,0,0,100,Hibernating,True,8.92
562,Kaja,Twycross,2021-10-08,1,6457.79,6457.79,84.0,False,3,0,1,301,At Risk Customers,False,75.974
636,Sherm,Brownsword,2020-03-12,1,589.48,589.48,659.0,True,0,0,0,000,Hibernating,True,0.8931515151515151
321,Bennett,Hurtic,2021-06-17,2,4461.3,2230.65,197.0,True,2,2,1,221,At Risk Customers,True,45.06363636363637
105,Betteann,Longhirst,2021-09-26,4,14915.31,3728.8275,96.0,False,3,2,3,323,Champions,True,615.0643298969072
804,Cybill,Quinet,2020-11-01,2,823.06,411.53,425.0,True,1,2,0,120,Hibernating,True,3.8641314553990607
445,Renata,Hachette,2021-01-24,1,5385.18,5385.18,341.0,True,1,0,1,101,At Risk Customers,True,15.746140350877193
889,Alejandrina,Findlow,2020-10-24,1,1382.82,1382.82,433.0,True,1,0,0,100,Hibernating,True,3.186221198156682
991,Misha,Goncalo,2021-11-19,1,9518.16,9518.16,42.0,False,3,0,2,302,Potential Loyalists,False,221.35255813953486
467,Hurleigh,Bolingbroke,2021-03-31,1,5451.32,5451.32,275.0,True,2,0,1,201,At Risk Customers,True,19.751159420289856
327,Drusie,Yuranovev,2021-02-08,1,8520.46,8520.46,326.0,True,1,0,2,102,Potential Loyalists,True,26.056452599388376
253,Gretna,Kynaston,2020-05-14,1,8160.82,8160.82,596.0,True,0,0,2,002,Potential Loyalists,True,13.669715242881072
14,Breena,Klimus,2021-05-22,1,4860.99,4860.99,223.0,True,2,0,1,201,At Risk Customers,False,21.700848214285713
692,Bert,Hoodless,2021-06-25,2,5671.63,2835.815,189.0,True,2,2,1,221,At Risk Customers,True,59.70136842105263
109,Gibby,Orr,2021-08-12,2,12338.21,6169.105,141.0,False,2,2,3,223,Champions,False,173.7776056338028
133,Pavla,Sargent,2021-12-07,3,26529.48,8843.16,24.0,False,3,2,3,323,Champions,False,3183.5375999999997
724,Terry,Reynish,2021-08-31,3,10356.45,3452.15,122.0,False,2,2,3,223,Champions,True,252.59634146341466
372,Morten,Duffil,2021-12-19,1,9502.4,9502.4,12.0,False,3,0,2,302,Potential Loyalists,False,730.9538461538461
339,Inglebert,Vannacci,2021-03-14,1,3353.18,3353.18,292.0,True,1,0,0,100,Hibernating,True,11.444300341296929
600,Angel,Somerton,2020-11-18,1,8322.85,8322.85,408.0,True,1,0,2,102,Potential Loyalists,True,20.349266503667483
772,Keith,Gueinn,2020-12-21,1,6484.43,6484.43,375.0,True,1,0,1,101,At Risk Customers,True,17.245824468085107
591,Lotti,Ruffler,2021-05-04,1,1726.31,1726.31,241.0,True,2,0,0,200,Hibernating,True,7.133512396694215
603,Sabra,McHaffy,2021-05-15,2,18033.1,9016.55,230.0,True,2,2,3,223,Champions,False,156.1307359307359
383,Crysta,Tunuy,2021-09-30,1,7249.1,7249.1,92.0,False,3,0,1,301,At Risk Customers,False,77.947311827957
808,Halsy,Sterry,2020-09-04,2,6525.23,3262.615,483.0,True,1,2,1,121,At Risk Customers,True,26.963760330578513
7,Regan,Austins,2020-03-19,1,4173.88,4173.88,652.0,True,0,0,1,001,At Risk Customers,True,6.391852986217458
757,Jessica,Whittle,2021-01-23,2,14428.93,7214.465,342.0,True,1,2,3,123,Champions,True,84.1337026239067
254,Hinze,Urling,2021-03-12,1,623.34,623.34,294.0,True,1,0,0,100,Hibernating,True,2.1130169491525423
377,Jermaine,Batstone,2021-11-18,3,12084.89,4028.2966666666666,43.0,False,3,2,3,323,Champions,False,823.9697727272726
952,Janot,Jordanson,2021-10-16,2,10893.79,5446.895,76.0,False,3,2,3,323,Champions,False,282.95558441558444
159,Kele,Bengough,2020-04-02,1,8494.59,8494.59,638.0,True,0,0,2,002,Potential Loyalists,True,13.29356807511737
432,Dot,Coote,2021-04-27,1,7402.07,7402.07,248.0,True,2,0,2,202,Potential Loyalists,False,29.727188755020077
857,Roanna,Beeckx,2020-10-05,1,2116.78,2116.78,452.0,True,1,0,0,100,Hibernating,True,4.672803532008831
890,Rorie,Buglar,2021-10-15,1,9987.79,9987.79,77.0,False,3,0,2,302,Potential Loyalists,False,128.04858974358976
20,Gisella,Chatel,2021-03-02,2,14829.3,7414.65,304.0,True,1,2,3,123,Champions,True,97.24131147540983
319,Peggy,Mc Caughen,2021-07-16,1,6290.39,6290.39,168.0,False,2,0,1,201,At Risk Customers,False,37.221242603550294
1,Adrian,Croneen,2021-04-24,1,1482.48,1482.48,251.0,True,2,0,0,200,Hibernating,True,5.882857142857143
76,Stu,Pain,2021-04-06,1,1612.52,1612.52,269.0,True,2,0,0,200,Hibernating,True,5.972296296296297
517,Jessalin,Stack,2020-04-04,1,5280.8,5280.8,636.0,True,0,0,1,001,At Risk Customers,True,8.29010989010989
129,Pegeen,Brodbin,2020-03-21,1,369.53,369.53,650.0,True,0,0,0,000,Hibernating,True,0.5676344086021505
789,Adelbert,Shoobridge,2020-03-08,2,5216.72,2608.36,663.0,True,0,2,1,021,At Risk Customers,True,15.713012048192773
346,Frans,McGiffie,2021-06-10,1,2997.74,2997.74,204.0,True,2,0,0,200,Hibernating,False,14.623121951219511
68,Casandra,Creyke,2021-06-14,1,2916.52,2916.52,200.0,True,2,0,0,200,Hibernating,False,14.51004975124378
773,Rowena,Ivermee,2020-03-01,1,1746.81,1746.81,670.0,True,0,0,0,000,Hibernating,True,2.6032935916542472
80,Penelopa,Letchmore,2021-08-02,1,4266.13,4266.13,151.0,False,2,0,1,201,At Risk Customers,False,28.066644736842104
146,Curtis,Whatford,2020-10-10,2,15019.64,7509.82,447.0,True,1,2,3,123,Champions,True,67.05196428571428
861,Dominick,Tegler,2021-01-03,1,3059.98,3059.98,362.0,True,1,0,0,100,Hibernating,True,8.42969696969697
162,Sisile,Massard,2021-04-08,2,10402.46,5201.23,267.0,True,2,2,3,223,Champions,True,77.63029850746268
738,Tomlin,Hattiff,2021-10-20,2,10487.65,5243.825,72.0,False,3,2,3,323,Champions,False,287.33287671232875
943,Caron,O'Cannan,2020-03-28,1,3678.42,3678.42,643.0,True,0,0,0,000,Hibernating,True,5.711832298136645
330,Rossie,Roscoe,2021-07-24,1,8619.41,8619.41,160.0,False,2,0,2,202,Potential Loyalists,False,53.536708074534154
237,Melva,Leall,2020-06-01,1,5756.64,5756.64,578.0,True,0,0,1,001,At Risk Customers,True,9.942383419689119
751,Gerrilee,Kamenar,2020-11-13,2,11342.42,5671.21,413.0,True,1,2,3,123,Champions,True,54.79429951690821
451,Shelley,Keasy,2021-12-21,2,7299.94,3649.97,10.0,False,3,2,1,321,At Risk Customers,False,1327.2618181818182
337,Virgie,Angeau,2020-01-25,1,4637.27,4637.27,706.0,True,0,0,1,001,At Risk Customers,True,6.55908062234795
348,Wheeler,Ghidoli,2021-05-09,3,14124.06,4708.02,236.0,True,2,2,3,223,Champions,True,178.78556962025314
504,Lenora,Frean,2021-11-02,2,14263.26,7131.63,59.0,False,3,2,3,323,Champions,False,475.442
238,Meggie,Stonman,2021-09-25,1,2323.04,2323.04,97.0,False,3,0,0,300,Hibernating,False,23.704489795918366
112,Dredi,Wallman,2020-06-06,1,7726.8,7726.8,573.0,True,0,0,2,002,Potential Loyalists,True,13.461324041811848
560,Cornela,Ricard,2021-07-20,3,16667.22,5555.74,164.0,False,2,2,3,223,Champions,False,303.0403636363636
547,Francoise,Goldsbrough,2020-11-25,2,18020.68,9010.34,401.0,True,1,2,3,123,Champions,True,89.65512437810945
818,Putnam,Heditch,2021-03-27,1,7381.89,7381.89,279.0,True,1,0,2,102,Potential Loyalists,True,26.363892857142858
737,Cobb,Etheridge,2021-09-04,4,19526.69,4881.6725,118.0,False,3,2,3,323,Champions,True,656.3593277310923
569,Michael,Neachell,2021-12-16,1,371.65,371.65,15.0,False,3,0,0,300,Hibernating,False,23.228125
615,Alfy,Blincowe,2021-02-15,1,2970.0,2970.0,319.0,True,1,0,0,100,Hibernating,True,9.28125
452,Wes,Coil,2021-09-16,1,3179.9,3179.9,106.0,False,3,0,0,300,Hibernating,False,29.718691588785045
988,Calli,Gatenby,2021-05-20,1,8571.19,8571.19,225.0,True,2,0,2,202,Potential Loyalists,False,37.92561946902655
601,Hi,Rothon,2021-09-09,1,4932.35,4932.35,113.0,False,3,0,1,301,At Risk Customers,False,43.26622807017544
590,Raf,Marriott,2020-06-16,2,15800.92,7900.46,563.0,True,0,2,3,023,Champions,True,56.031631205673754
82,Amil,Selland,2021-01-13,1,8230.94,8230.94,352.0,True,1,0,2,102,Potential Loyalists,True,23.317110481586404
202,Jayson,Vaune,2021-04-14,2,6670.71,3335.355,261.0,True,2,2,1,221,At Risk Customers,True,50.921450381679385
905,Monro,Kinkaid,2021-08-28,1,3973.63,3973.63,125.0,False,2,0,1,201,At Risk Customers,False,31.53674603174603
610,Aeriela,Paddington,2021-01-21,2,13313.86,6656.93,344.0,True,1,2,3,123,Champions,True,77.18179710144928
79,Samuel,Dagger,2020-11-10,2,11518.48,5759.24,416.0,True,1,2,3,123,Champions,True,55.244508393285365
678,Kaitlynn,Baldwin,2020-08-12,1,9809.29,9809.29,506.0,True,0,0,2,002,Potential Loyalists,True,19.34771203155819
812,Brianna,Crosston,2021-02-01,3,18344.29,6114.763333333333,333.0,True,1,2,3,123,Champions,True,164.76907185628744
579,Obidiah,Oxx,2021-07-29,1,2838.74,2838.74,155.0,False,2,0,0,200,Hibernating,False,18.19705128205128
510,Loree,Devereu,2021-09-17,1,4954.54,4954.54,105.0,False,3,0,1,301,At Risk Customers,False,46.74094339622641
17,Montague,Geale,2021-11-14,2,10424.73,5212.365,47.0,False,3,2,3,323,Champions,False,434.36375
28,Cahra,Hydes,2020-03-19,2,4609.89,2304.945,652.0,True,0,2,1,021,At Risk Customers,True,14.119111791730477
404,Aubine,Beels,2021-06-14,4,14604.99,3651.2475,200.0,True,2,2,3,223,Champions,True,290.6465671641791
720,Karney,Bellsham,2020-06-29,2,9975.08,4987.54,550.0,True,0,2,2,022,Potential Loyalists,True,36.20718693284936
997,Eadmund,Hargreves,2020-12-23,1,9638.94,9638.94,373.0,True,1,0,2,102,Potential Loyalists,True,25.772566844919787
917,Janelle,MacIlhargy,2021-11-15,2,3379.01,1689.505,46.0,False,3,2,0,320,Hibernating,False,143.78765957446808
515,Berkley,Bowcock,2020-10-20,2,12148.7,6074.35,437.0,True,1,2,3,123,Champions,True,55.47351598173516
83,Cyndi,Jindrich,2021-10-23,1,209.88,209.88,69.0,False,3,0,0,300,Hibernating,False,2.998285714285714
706,Abramo,Tompkins,2021-09-04,2,9521.05,4760.525,118.0,False,3,2,2,322,Potential Loyalists,False,160.0176470588235
516,Kate,Bricknall,2021-08-31,3,21190.73,7063.576666666667,122.0,False,2,2,3,223,Champions,False,516.8470731707317
666,Loretta,Vivians,2021-02-07,2,13833.1,6916.55,327.0,True,1,2,3,123,Champions,True,84.34817073170733
216,Nicko,Fey,2021-05-19,1,3351.87,3351.87,226.0,True,2,0,0,200,Hibernating,True,14.765947136563877
956,Ree,Callingham,2021-05-14,1,171.35,171.35,231.0,True,2,0,0,200,Hibernating,True,0.7385775862068965
295,Fiona,Waterstone,2020-12-19,1,4861.93,4861.93,377.0,True,1,0,1,101,At Risk Customers,True,12.862248677248678
958,Orren,Antonijevic,2020-05-01,1,7388.62,7388.62,609.0,True,0,0,2,002,Potential Loyalists,True,12.112491803278688
213,Katti,Windus,2021-05-30,2,10821.33,5410.665,215.0,True,2,2,3,223,Champions,True,100.19749999999999
694,Magdalene,Byfford,2021-08-17,2,3132.57,1566.285,136.0,False,2,2,0,220,Hibernating,True,45.73094890510949
955,Patton,Paulitschke,2021-07-30,2,15281.85,7640.925,154.0,False,2,2,3,223,Champions,False,197.18516129032258
801,Edithe,Physick,2021-04-15,1,3804.92,3804.92,260.0,True,2,0,1,201,At Risk Customers,True,14.57823754789272
669,Heriberto,Bediss,2020-02-27,1,6689.07,6689.07,673.0,True,0,0,1,001,At Risk Customers,True,9.924436201780415
223,Ellyn,Matusson,2021-12-11,4,13818.75,3454.6875,20.0,False,3,2,3,323,Champions,False,2632.142857142857
833,Calhoun,Speers,2021-09-03,2,10945.55,5472.775,119.0,False,3,2,3,323,Champions,False,182.42583333333332
221,Clarita,Stoter,2020-08-12,1,9675.51,9675.51,506.0,True,0,0,2,002,Potential Loyalists,True,19.083846153846157
594,Gratia,Crosfeld,2021-06-09,3,16560.14,5520.046666666667,205.0,True,2,2,3,223,Champions,True,241.1670873786408
460,Danny,Pearle,2020-09-04,1,4569.44,4569.44,483.0,True,1,0,1,101,At Risk Customers,True,9.440991735537189
499,Bill,Hurle,2021-12-09,2,9097.51,4548.755,22.0,False,3,2,2,322,Potential Loyalists,False,791.0878260869565
265,Tyne,Deere,2021-12-03,1,7615.62,7615.62,28.0,False,3,0,2,302,Potential Loyalists,False,262.60758620689654
111,Stacey,Hambling,2020-11-18,2,2863.1,1431.55,408.0,True,1,2,0,120,Hibernating,True,14.000488997555012
851,Evonne,Grigs,2020-05-18,1,7671.78,7671.78,592.0,True,0,0,2,002,Potential Loyalists,True,12.937234401349071
968,Kora,Scones,2020-05-03,1,4738.09,4738.09,607.0,True,0,0,1,001,At Risk Customers,True,7.792911184210526
62,Alan,Woolvett,2021-06-09,1,9513.01,9513.01,205.0,True,2,0,2,202,Potential Loyalists,False,46.17966019417475
893,Laryssa,Poleykett,2021-11-22,5,14818.43,2963.686,39.0,False,3,2,3,323,Champions,True,1852.30375
993,Kylila,Dumphy,2021-08-22,1,653.34,653.34,131.0,False,2,0,0,200,Hibernating,False,4.949545454545455
326,Isaak,Di Pietro,2021-11-03,1,7652.62,7652.62,58.0,False,3,0,2,302,Potential Loyalists,False,129.70542372881357
568,Bowie,Northway,2021-04-20,1,3251.55,3251.55,255.0,True,2,0,0,200,Hibernating,True,12.7013671875
805,Oralla,McGinny,2020-07-14,1,8218.19,8218.19,535.0,True,0,0,2,002,Potential Loyalists,True,15.332444029850747
655,Tracee,Dowyer,2021-02-18,1,3755.55,3755.55,316.0,True,1,0,1,101,At Risk Customers,True,11.847160883280758
649,Shel,Gerkens,2020-06-13,2,5243.35,2621.675,566.0,True,0,2,1,021,At Risk Customers,True,18.49506172839506
925,Rodger,Scneider,2021-04-27,3,16652.99,5550.996666666667,248.0,True,2,2,3,223,Champions,True,200.63843373493978
150,Grete,Camoys,2021-11-09,1,8888.0,8888.0,52.0,False,3,0,2,302,Potential Loyalists,False,167.69811320754715
656,Shannah,Garmanson,2021-10-16,3,15047.03,5015.676666666666,76.0,False,3,2,3,323,Champions,False,586.2479220779221
421,Julita,Hathorn,2021-05-06,1,5185.82,5185.82,239.0,True,2,0,1,201,At Risk Customers,True,21.60758333333333
429,Jeffy,Markwelley,2021-09-09,1,5621.51,5621.51,113.0,False,3,0,1,301,At Risk Customers,False,49.311491228070174
25,Addie,Steane,2021-10-23,2,8777.39,4388.695,69.0,False,3,2,2,322,Potential Loyalists,False,250.7825714285714
141,Rex,Low,2020-10-22,1,3747.55,3747.55,435.0,True,1,0,1,101,At Risk Customers,True,8.595298165137615
923,Peggi,Gothrup,2020-10-28,1,9299.42,9299.42,429.0,True,1,0,2,102,Potential Loyalists,True,21.626558139534882
211,Casey,Mansuer,2021-12-12,1,4967.08,4967.08,19.0,False,3,0,1,301,At Risk Customers,False,248.354
530,Haydon,Fairbridge,2021-09-22,1,6719.17,6719.17,100.0,False,3,0,1,301,At Risk Customers,False,66.52643564356435
536,Bobbette,Antrag,2020-04-11,2,7555.06,3777.53,629.0,True,0,2,2,022,Potential Loyalists,True,23.984317460317463
465,Bell,Schultes,2021-11-07,2,12168.61,6084.305,54.0,False,3,2,3,323,Champions,False,442.4949090909091
449,Charis,Kupisz,2020-06-28,1,5854.53,5854.53,551.0,True,0,0,1,001,At Risk Customers,True,10.606032608695651
64,Leonard,Everiss,2021-01-27,1,572.9,572.9,338.0,True,1,0,0,100,Hibernating,True,1.6899705014749262
520,Catlee,Crutchley,2020-11-26,3,14068.04,4689.346666666666,400.0,True,1,2,3,123,Champions,True,105.24718204488778
55,Berton,Pesic,2021-09-29,1,5249.81,5249.81,93.0,False,3,0,1,301,At Risk Customers,False,55.849042553191495
